,Term,Total_Frequency,DocID_Frequency
0,78912,1,{75: 1}
1,55116,2,"{309: 1, 310: 1}"
2,17118,1,{369: 1}
3,506218,1,{894: 1}
4,as,4,"{102: 1, 806: 1, 853: 1, 1009: 1}"
5,ohio,1,{1244: 1}
6,traced,1,{211: 1}
7,50year,1,{754: 1}
8,universities,2,"{135: 1, 859: 1}"
9,767114,1,{669: 1}
10,user,2,"{389: 1, 605: 1}"
11,465118,1,{887: 1}
12,1264118,1,{974: 1}
13,characteristcs,1,{278: 1}
14,19512,1,{60: 1}
15,1347119,1,{1097: 1}
16,weaker,1,{1165: 1}
17,523118,1,{904: 1}
18,666,1,{305: 1}
19,727118,1,{945: 1}
20,734118,1,{952: 1}
21,periodicals,1,{45: 1}
22,722118,1,{942: 1}
23,1321115,1,{723: 1}
24,lb,1,{1368: 1}
25,harris,1,{1107: 1}
26,83912,1,{78: 1}
27,storage,1,{642: 1}
28,outline,1,{1193: 1}
29,1086119,1,{1080: 1}
30,ddcindustry,1,{603: 1}
31,control,7,"{90: 1, 94: 1, 95: 1, 98: 1, 99: 1, 102: 1, 103: 1}"
32,24113,1,{611: 1}
33,tables,2,"{745: 1, 746: 1}"
34,78614,1,{172: 1}
35,77614,1,{170: 1}
36,h,2,"{274: 1, 599: 1}"
37,new,4,"{135: 1, 320: 1, 822: 1, 824: 1}"
38,coffin,1,{1104: 1}
39,professional,7,"{208: 1, 219: 1, 384: 1, 652: 1, 1000: 1, 1202: 1, 1219: 1}"
40,918120,1,{1142: 1}
41,82315,1,{250: 1}
42,107014,1,{193: 1}
43,82314,1,{177: 1}
44,put,1,{1003: 1}
45,81625,1,{248: 1}
46,121113,1,{614: 1}
47,theoretical,1,{1334: 1}
48,4,2,"{128: 1, 1268: 1}"
49,1409125,2,"{1362: 1, 1363: 1}"
50,discussed,3,"{297: 1, 546: 1, 811: 1}"
51,business,1,{806: 1}
52,decimal,2,"{2: 1, 6: 1}"
53,footnotes,1,{653: 1}
54,copy,1,{749: 1}
55,concrete,1,{1244: 1}
56,728218,1,{946: 1}
57,solutions,4,"{314: 1, 319: 1, 324: 1, 814: 1}"
58,users,5,"{42: 1, 47: 1, 472: 1, 603: 1, 749: 1}"
59,online,1,{856: 1}
60,universal,2,"{1340: 1, 1344: 1}"
61,408118,1,{881: 1}
62,great,3,"{97: 1, 1000: 1, 1115: 1}"
63,aim,1,{575: 1}
64,receive,1,{47: 1}
65,chapter,5,"{303: 1, 650: 1, 653: 1, 750: 1, 1166: 1}"
66,358110,1,{493: 1}
67,22315,1,{233: 1}
68,meaningful,1,{1346: 1}
69,ligue,1,{574: 1}
70,misinterpreting,1,{1119: 1}
71,at,2,"{1214: 1, 1216: 1}"
72,304110,1,{490: 1}
73,waltham,1,{604: 1}
74,advancing,2,"{786: 1, 793: 1}"
75,853124,1,{1309: 1}
76,volunteer,1,{300: 1}
77,particular,5,"{554: 1, 578: 1, 757: 1, 787: 1, 1330: 1}"
78,thus,2,"{1159: 1, 1349: 1}"
79,105215,1,{701: 1}
80,additionally,1,{851: 1}
81,abundant,1,{1339: 1}
82,121118,1,{867: 1}
83,140015,2,"{268: 1, 269: 1}"
84,microfiche,2,"{602: 1, 607: 1}"
85,mauerhoff,1,{845: 1}
86,possibilities,1,{1193: 1}
87,reader,3,"{398: 1, 554: 1, 606: 1}"
88,laboratory,1,{695: 1}
89,edition,3,"{7: 1, 8: 1, 649: 1}"
90,mk,1,{133: 1}
91,76819,1,{425: 1}
92,students,2,"{294: 1, 645: 1}"
93,154116,1,{760: 1}
94,pleasant,1,{301: 1}
95,530118,1,{911: 1}
96,comprehensive,2,"{478: 1, 748: 1}"
97,639118,1,{931: 1}
98,44119,1,{1021: 1}
99,evaluate,2,"{461: 1, 852: 1}"
100,unavailability,1,{1250: 1}
101,16214,1,{151: 1}
102,fiction,1,{354: 1}
103,philadelphia,1,{1115: 1}
104,opportunities,3,"{299: 1, 303: 1, 645: 1}"
105,ugc,1,{140: 1}
106,us,1,{365: 1}
107,19,2,"{590: 1, 989: 1}"
108,43515,1,{239: 1}
109,261026,1,{1382: 1}
110,discussion,2,"{287: 1, 1195: 1}"
111,rapid,3,"{221: 1, 223: 1, 476: 1}"
112,purpose,4,"{136: 1, 461: 1, 583: 1, 1194: 1}"
113,school,3,"{219: 1, 276: 1, 821: 1}"
114,basic,5,"{138: 1, 383: 1, 588: 1, 1199: 1, 1336: 1}"
115,45619,1,{418: 1}
116,devoted,2,"{303: 1, 750: 1}"
117,2018,1,{368: 1}
118,must,2,"{347: 1, 353: 1}"
119,8120,1,{1124: 1}
120,must,2,"{347: 1, 353: 1}"
121,enthusiastic,1,{794: 1}
122,belonging,1,{1000: 1}
123,142613,2,"{126: 1, 127: 1}"
124,1274119,1,{1086: 1}
125,ixa,1,{745: 1}
126,setting,1,{585: 1}
127,editions,2,"{2: 1, 8: 1}"
128,919110,1,{517: 1}
129,851119,1,{1072: 1}
130,broader,1,{1201: 1}
131,416219,1,{1040: 1}
132,methods,9,"{137: 1, 272: 1, 283: 1, 389: 1, 806: 1, 824: 1, 1005: 1, 1006: 1, 1009: 1}"
133,recording,1,{545: 1}
134,sample,1,{1015: 1}
135,logic,3,"{1339: 1, 1340: 1, 1350: 1}"
136,shows,1,{819: 1}
137,lyle,2,"{340: 1, 637: 1}"
138,told,1,{11: 1}
139,908122,1,{1226: 1}
140,14614,1,{657: 1}
141,59815,1,{242: 1}
142,parentheses,1,{755: 1}
143,ddc,1,{7: 1}
144,generally,1,{808: 1}
145,information,20,"{33: 2, 36: 1, 38: 1, 40: 1, 42: 1, 48: 1, 95: 1, 97: 1, 103: 1, 139: 1, 298: 1, 302: 1, 587: 1, 683: 1, 693: 1, 811: 1, 843: 1, 853: 1, 1248: 1}"
146,733118,1,{951: 1}
147,140714,1,{198: 1}
148,then,1,{1210: 1}
149,1016119,1,{1077: 1}
150,maltsev,1,{1327: 1}
151,damage,1,{1160: 1}
152,patterns,1,{688: 1}
153,141412,1,{84: 1}
154,1313119,1,{1094: 1}
155,evaluating,1,{1007: 1}
156,hope,1,{802: 1}
157,stars,1,{692: 1}
158,changing,1,{786: 1}
159,writings,4,"{94: 1, 96: 1, 101: 1, 103: 1}"
160,quarter,2,"{1114: 1, 1118: 1}"
161,technology,6,"{43: 1, 223: 1, 1263: 1, 1265: 1, 1267: 1, 1268: 1}"
162,scope,1,{543: 1}
163,many,11,"{210: 1, 214: 1, 301: 1, 351: 1, 743: 1, 799: 1, 815: 1, 858: 1, 997: 1, 1171: 1, 1245: 1}"
164,659118,1,{933: 1}
165,140719,1,{452: 1}
166,included,3,"{386: 1, 471: 1, 753: 1}"
167,175226,1,{1388: 1}
168,direct,3,"{384: 1, 387: 1, 798: 1}"
169,voice,1,{1249: 1}
170,sociometric,2,"{689: 1, 691: 1}"
171,127418,1,{869: 1}
172,name,1,{822: 1}
173,p,2,"{92: 1, 206: 1}"
174,629218,1,{924: 1}
175,benefits,1,{297: 1}
176,deeply,1,{753: 1}
177,sources,1,{756: 1}
178,properties,2,"{995: 1, 1330: 1}"
179,treated,1,{288: 1}
180,actual,1,{739: 1}
181,copying,1,{750: 1}
182,78124,1,{1280: 1}
183,although,2,"{138: 1, 208: 1}"
184,documents,2,"{34: 1, 35: 1}"
185,schools,1,{825: 1}
186,going,1,{802: 1}
187,closes,1,{850: 1}
188,729118,1,{947: 1}
189,94815,1,{255: 1}
190,developed,1,{471: 1}
191,21621,1,{1175: 1}
192,839113,1,{626: 1}
193,da,1,{572: 1}
194,project,4,"{131: 1, 204: 1, 742: 1, 1240: 1}"
195,224118,1,{876: 1}
196,caught,1,{794: 1}
197,variety,1,{217: 1}
198,425,1,{225: 1}
199,1258210,1,{531: 1}
200,fell,1,{357: 1}
201,20412,1,{62: 1}
202,36414,1,{157: 1}
203,152113,1,{615: 1}
204,truly,1,{1012: 1}
205,272222,1,{1224: 1}
206,fatal,1,{1165: 1}
207,1268120,1,{1146: 1}
208,394110,1,{495: 1}
209,60120,1,{1127: 1}
210,america,1,{1118: 1}
211,obligation,2,"{353: 1, 1211: 1}"
212,approach,2,"{383: 1, 387: 1}"
213,arguments,1,{757: 1}
214,theory,11,"{830: 1, 831: 1, 991: 1, 1337: 1, 1338: 1, 1341: 1, 1344: 2, 1346: 1, 1348: 1, 1349: 1}"
215,widened,1,{821: 1}
216,introduction,1,{543: 1}
217,96134,1,{186: 1}
218,1423122,2,"{1232: 1, 1233: 1}"
219,implication,1,{798: 1}
220,hold,2,"{581: 1, 1218: 1}"
221,29819,1,{412: 1}
222,standards,4,"{280: 1, 817: 1, 819: 1, 1213: 1}"
223,career,1,{303: 1}
224,reviewed,1,{551: 1}
225,enclosed,1,{755: 1}
226,12812,2,"{593: 1, 594: 1}"
227,aggressive,1,{1169: 1}
228,philosophers,1,{999: 1}
229,difficulty,1,{138: 1}
230,addition,1,{745: 1}
231,789124,1,{1302: 1}
232,190110,1,{486: 1}
233,bulk,1,{464: 1}
234,77612,1,{73: 1}
235,1061119,1,{1078: 1}
236,remodeling,1,{321: 1}
237,every,1,{796: 1}
238,30119,1,{414: 1}
239,1034221,1,{1179: 1}
240,intimately,1,{1344: 1}
241,2,2,"{24: 1, 1265: 1}"
242,contain,1,{96: 1}
243,research,18,"{131: 1, 141: 1, 204: 1, 288: 1, 292: 1, 295: 1, 297: 1, 352: 1, 358: 1, 387: 1, 390: 1, 399: 1, 576: 1, 683: 1, 688: 1, 789: 1, 792: 1, 832: 1}"
244,necessary,2,"{740: 1, 1163: 1}"
245,525118,1,{906: 1}
246,re,2,"{316: 1, 734: 1}"
247,undertaken,1,{1240: 1}
248,information,20,"{33: 2, 36: 1, 38: 1, 40: 1, 42: 1, 48: 1, 95: 1, 97: 1, 103: 1, 139: 1, 298: 1, 302: 1, 587: 1, 683: 1, 693: 1, 811: 1, 843: 1, 853: 1, 1248: 1}"
249,565119,1,{1051: 1}
250,beneficial,1,{397: 1}
251,attitude,1,{346: 1}
252,referred,1,{555: 1}
253,forms,1,{997: 1}
254,animals,1,{1172: 1}
255,1973,1,{591: 1}
256,139115,1,{702: 1}
257,except,1,{324: 1}
258,intraspecific,1,{1160: 1}
259,holdings,1,{1236: 1}
260,837113,1,{625: 1}
261,609118,1,{919: 1}
262,534118,1,{912: 1}
263,appear,3,"{9: 1, 793: 1, 833: 1}"
264,stresses,1,{1002: 1}
265,represented,1,{1377: 1}
266,534110,1,{499: 1}
267,articles,7,"{477: 1, 752: 1, 791: 1, 797: 1, 827: 1, 830: 1, 832: 1}"
268,920110,1,{518: 1}
269,more,1,{647: 1}
270,1283118,1,{975: 1}
271,map,1,{1378: 1}
272,clear,2,"{827: 1, 1343: 1}"
273,border,1,{1350: 1}
274,open,1,{392: 1}
275,41814,1,{158: 1}
276,69614,1,{162: 1}
277,planning,3,"{320: 1, 740: 1, 831: 1}"
278,communication,3,"{688: 1, 690: 1, 692: 1}"
279,1302119,1,{1092: 1}
280,reported,1,{807: 1}
281,921110,1,{519: 1}
282,difference,2,"{1004: 1, 1345: 1}"
283,171120,1,{1130: 1}
284,524,1,{145: 1}
285,170114,1,{661: 1}
286,no,1,{34: 1}
287,104,1,{31: 1}
288,thesis,1,{639: 1}
289,1301119,1,{1091: 1}
290,scrutinized,1,{1375: 1}
291,primary,1,{219: 1}
292,5,2,"{201: 1, 1269: 1}"
293,1,2,"{0: 1, 1263: 1}"
294,84613,1,{118: 1}
295,92525,1,{253: 1}
296,126819,1,{449: 1}
297,623218,1,{923: 1}
298,claims,1,{99: 1}
299,45713,1,{114: 1}
300,military,1,{212: 1}
301,assessing,1,{802: 1}
302,177124,1,{1285: 1}
303,dangerous,2,"{213: 1, 1169: 1}"
304,master,1,{1173: 1}
305,unsuccessful,1,{324: 1}
306,despite,1,{1345: 1}
307,features,1,{471: 1}
308,122124,1,{1283: 1}
309,however,2,"{10: 1, 1331: 1}"
310,half,1,{1378: 1}
311,459110,1,{498: 1}
312,prior,1,{851: 1}
313,acquired,1,{346: 1}
314,introduced,1,{217: 1}
315,realities,1,{801: 1}
316,greater,3,"{289: 1, 693: 1, 806: 1}"
317,635118,1,{928: 1}
318,indexing,2,"{287: 1, 1366: 1}"
319,pilot,1,{1236: 1}
320,35126,1,{1383: 1}
321,papers,2,"{548: 1, 998: 1}"
322,personal,1,{45: 1}
323,invited,1,{602: 1}
324,needed,1,{9: 1}
325,37119,1,{1018: 1}
326,466118,1,{888: 1}
327,adaptively,1,{1170: 1}
328,1152116,1,{773: 1}
329,members,4,"{344: 1, 644: 1, 692: 1, 694: 1}"
330,biography,1,{744: 1}
331,76415,1,{244: 1}
332,an,1,{834: 1}
333,13124,1,{1272: 1}
334,1200119,1,{1085: 1}
335,catalogue,1,{749: 1}
336,catalog,2,"{805: 1, 811: 1}"
337,perhaps,1,{345: 1}
338,languages,1,{991: 1}
339,still,1,{35: 1}
340,1974,1,{847: 1}
341,631118,1,{925: 1}
342,313215,1,{704: 1}
343,experts,1,{799: 1}
344,stressed,1,{141: 1}
345,form,6,"{98: 2, 101: 1, 465: 1, 587: 1, 1378: 1}"
346,western,1,{577: 1}
347,citizen,1,{394: 1}
348,possible,5,"{223: 1, 467: 1, 736: 1, 814: 1, 824: 1}"
349,49118,1,{864: 1}
350,efficiently,2,"{648: 1, 737: 1}"
351,his,2,"{349: 1, 398: 1}"
352,1137125,1,{1358: 1}
353,948110,1,{522: 1}
354,power,6,"{89: 1, 98: 2, 100: 3}"
355,centralized,2,"{550: 1, 754: 1}"
356,1392116,1,{774: 1}
357,work,10,"{13: 1, 288: 1, 543: 1, 551: 1, 649: 1, 691: 1, 858: 1, 1207: 1, 1214: 1, 1334: 1}"
358,resources,2,"{457: 1, 463: 1}"
359,determining,1,{817: 1}
360,or,1,{299: 1}
361,traditional,2,"{383: 1, 818: 1}"
362,together,1,{824: 1}
363,processes,2,"{807: 1, 1373: 1}"
364,lyle,2,"{340: 1, 637: 1}"
365,22215,1,{232: 1}
366,788124,1,{1301: 1}
367,trying,1,{995: 1}
368,565,1,{226: 1}
369,stock,1,{97: 1}
370,programs,1,{295: 1}
371,held,3,"{381: 1, 580: 1, 590: 1}"
372,attempts,1,{318: 1}
373,1194119,1,{1083: 1}
374,mm,1,{1107: 1}
375,move,1,{1269: 1}
376,positions,1,{1219: 1}
377,wider,1,{32: 1}
378,performed,1,{858: 1}
379,idea,1,{1008: 1}
380,predicate,1,{1349: 1}
381,people,2,"{46: 1, 1214: 1}"
382,475115,1,{708: 1}
383,improvement,2,"{466: 1, 1209: 1}"
384,particular,5,"{554: 1, 578: 1, 757: 1, 787: 1, 1330: 1}"
385,due,1,{1335: 1}
386,demonstrated,1,{827: 1}
387,reference,3,"{585: 1, 644: 1, 654: 1}"
388,also,6,"{47: 1, 141: 1, 652: 1, 1247: 1, 1251: 1, 1341: 1}"
389,mark,1,{1109: 1}
390,quality,1,{578: 1}
391,36316,1,{306: 1}
392,commonly,1,{641: 1}
393,outside,2,"{35: 1, 693: 1}"
394,read,2,"{646: 1, 694: 1}"
395,issues,1,{314: 1}
396,provision,2,"{142: 1, 586: 1}"
397,bibliography,3,"{744: 1, 751: 1, 756: 1}"
398,policy,3,"{544: 1, 1190: 1, 1196: 1}"
399,disciplines,2,"{218: 1, 357: 1}"
400,765119,1,{1064: 1}
401,102325,1,{262: 1}
402,improvement,2,"{466: 1, 1209: 1}"
403,widespread,1,{209: 1}
404,modern,2,"{836: 1, 1109: 1}"
405,forties,1,{1331: 1}
406,in,18,"{211: 1, 351: 1, 465: 1, 551: 1, 577: 1, 603: 1, 654: 1, 744: 1, 789: 1, 825: 1, 832: 1, 1005: 1, 1113: 1, 1117: 1, 1160: 1, 1166: 1, 1171: 1, 1207: 1}"
407,881110,1,{514: 1}
408,nineteenth,1,{1118: 1}
409,computer,4,"{223: 1, 291: 1, 295: 1, 811: 1}"
410,delve,1,{753: 1}
411,definition,1,{1203: 1}
412,44413,1,{113: 1}
413,types,4,"{278: 1, 284: 1, 792: 1, 1004: 1}"
414,1277119,1,{1087: 1}
415,handbooks,1,{45: 1}
416,proposed,2,"{588: 1, 817: 1}"
417,conveyed,1,{1248: 1}
418,lorenz,2,"{1153: 1, 1155: 1}"
419,711118,1,{941: 1}
420,circulate,1,{643: 1}
421,76824,1,{167: 1}
422,984124,1,{1315: 1}
423,chance,2,"{1010: 1, 1012: 1}"
424,376218,1,{879: 1}
425,workers,1,{300: 1}
426,422126,1,{1396: 1}
427,such,1,{1337: 1}
428,functions,2,"{641: 1, 647: 1}"
429,1133125,1,{1357: 1}
430,confined,1,{475: 1}
431,abstract,1,{287: 1}
432,873118,1,{967: 1}
433,of,23,"{14: 1, 32: 1, 101: 1, 292: 1, 476: 1, 550: 1, 575: 1, 576: 1, 578: 1, 583: 1, 738: 1, 747: 1, 748: 1, 786: 1, 788: 1, 801: 1, 810: 1, 817: 1, 995: 1, 1157: 1, 1242: 1, 1339: 1, 1371: 1}"
434,use,18,"{26: 1, 30: 1, 32: 1, 33: 1, 34: 1, 208: 1, 214: 1, 291: 1, 302: 1, 381: 1, 389: 1, 693: 1, 739: 1, 750: 1, 1253: 1, 1339: 1, 1340: 1, 1379: 1}"
435,knowledgeable,1,{348: 1}
436,guide,2,"{314: 1, 1216: 1}"
437,series,6,"{738: 1, 747: 1, 785: 1, 787: 1, 796: 1, 1347: 1}"
438,men,1,{220: 1}
439,rt,1,{379: 1}
440,pz3,1,{744: 1}
441,some,1,{833: 1}
442,1119225,1,{1356: 1}
443,bold,1,{852: 1}
444,4,2,"{128: 1, 1268: 1}"
445,university,6,"{130: 1, 139: 1, 320: 1, 577: 1, 590: 1, 1244: 1}"
446,simply,3,"{101: 1, 103: 1, 1193: 1}"
447,brophy,1,{206: 1}
448,process,1,{644: 1}
449,122715,1,{264: 1}
450,missing,2,"{1243: 1, 1245: 1}"
451,84619,1,{436: 1}
452,help,1,{578: 1}
453,230122,1,{1223: 1}
454,advanced,1,{757: 1}
455,regarding,1,{1242: 1}
456,51519,1,{419: 1}
457,study,10,"{6: 1, 276: 1, 322: 1, 381: 2, 390: 1, 461: 1, 469: 1, 1243: 1, 1340: 1}"
458,731218,1,{949: 1}
459,goes,1,{640: 1}
460,59118,1,{866: 1}
461,t,25,"{1: 1, 88: 1, 129: 1, 202: 1, 271: 1, 312: 1, 339: 1, 376: 1, 456: 1, 538: 1, 569: 1, 596: 1, 634: 1, 682: 1, 731: 1, 778: 1, 842: 1, 990: 1, 1103: 1, 1150: 1, 1185: 1, 1235: 1, 1258: 1, 1324: 1, 1365: 1}"
462,803120,1,{1140: 1}
463,solutions,4,"{314: 1, 319: 1, 324: 1, 814: 1}"
464,897116,1,{771: 1}
465,ways,5,"{48: 1, 139: 1, 351: 1, 578: 1, 1170: 1}"
466,9211,1,{18: 1}
467,599120,1,{1135: 1}
468,1182119,1,{1082: 1}
469,scholarly,1,{786: 1}
470,presenting,1,{801: 1}
471,782119,1,{1067: 1}
472,mate,1,{1165: 1}
473,102817,1,{332: 1}
474,954122,1,{1228: 1}
475,84215,1,{251: 1}
476,934122,1,{1227: 1}
477,obvious,2,"{793: 1, 798: 1}"
478,course,2,"{277: 1, 1117: 1}"
479,far,1,{1329: 1}
480,readertwo,1,{607: 1}
481,thorough,1,{360: 1}
482,45126,1,{1384: 1}
483,game,3,"{203: 1, 216: 1, 220: 1}"
484,world,4,"{364: 1, 570: 1, 582: 1, 837: 1}"
485,63419,1,{424: 1}
486,101519,1,{444: 1}
487,give,2,"{995: 1, 1011: 1}"
488,524218,1,{905: 1}
489,96224,1,{187: 1}
490,952114,1,{671: 1}
491,recorded,1,{100: 1}
492,exists,1,{642: 1}
493,scene,1,{1111: 1}
494,1344119,1,{1096: 1}
495,29213,1,{109: 1}
496,145318,2,"{373: 1, 374: 1}"
497,592119,1,{1054: 1}
498,le,1,{1188: 1}
499,386124,1,{1293: 1}
500,given,1,{743: 1}
501,inventory,2,"{799: 1, 1236: 1}"
502,depth,2,"{554: 1, 835: 1}"
503,96014,1,{185: 1}
504,satisfactorily,1,{102: 1}
505,impressed,1,{365: 1}
506,light,1,{858: 1}
507,764119,1,{1063: 1}
508,26211,1,{19: 1}
509,hundreds,1,{210: 1}
510,1091218,1,{972: 1}
511,serials,1,{545: 1}
512,linguistics,2,"{1001: 1, 1008: 1}"
513,boom,1,{855: 1}
514,other,2,"{46: 1, 835: 1}"
515,732110,1,{504: 1}
516,objectively,1,{852: 1}
517,42120,1,{1126: 1}
518,adumbrated,1,{1009: 1}
519,237114,1,{663: 1}
520,detailed,4,"{13: 1, 285: 1, 737: 1, 813: 1}"
521,several,1,{1373: 1}
522,514118,1,{900: 1}
523,edition,3,"{7: 1, 8: 1, 649: 1}"
524,77014,1,{168: 1}
525,apt,1,{359: 1}
526,braden,1,{1238: 1}
527,619118,1,{921: 1}
528,fulltime,1,{299: 1}
529,technique,1,{217: 1}
530,improving,3,"{462: 1, 578: 1, 645: 1}"
531,225110,1,{487: 1}
532,serve,1,{738: 1}
533,manipulation,1,{812: 1}
534,focus,1,{1121: 1}
535,135419,1,{451: 1}
536,13212,1,{53: 1}
537,decade,1,{209: 1}
538,machine,1,{804: 1}
539,principles,1,{1337: 1}
540,ideas,1,{384: 1}
541,major,5,"{42: 1, 465: 1, 551: 1, 810: 1, 825: 1}"
542,357118,1,{878: 1}
543,pack,1,{1161: 1}
544,researched,1,{295: 1}
545,analytical,1,{382: 1}
546,76113,1,{613: 1}
547,earlier,1,{850: 1}
548,822218,1,{961: 1}
549,15812,1,{58: 1}
550,517118,1,{901: 1}
551,story,2,"{10: 1, 96: 1}"
552,875119,1,{1074: 1}
553,considered,1,{1350: 1}
554,managerial,1,{830: 1}
555,55611,1,{20: 1}
556,marc,1,{805: 1}
557,authors,2,"{1009: 1, 1373: 1}"
558,cooccurrence,3,"{1371: 1, 1372: 1, 1374: 1}"
559,importance,4,"{363: 1, 544: 1, 551: 1, 810: 1}"
560,835119,1,{1071: 1}
561,revised,1,{608: 1}
562,storing,1,{468: 1}
563,made,8,"{26: 1, 138: 1, 223: 1, 472: 1, 589: 1, 789: 1, 824: 1, 1338: 1}"
564,academic,5,"{136: 1, 142: 1, 313: 1, 340: 1, 463: 1}"
565,24312,1,{64: 1}
566,80313,1,{117: 1}
567,18312,1,{59: 1}
568,90918,1,{370: 1}
569,1368218,1,{983: 1}
570,neglected,1,{640: 1}
571,preferable,1,{587: 1}
572,historical,1,{279: 1}
573,reexamination,1,{136: 1}
574,librariesorganized,1,{392: 1}
575,507118,1,{895: 1}
576,virtually,1,{1162: 1}
577,221122,1,{1221: 1}
578,obtaining,1,{547: 1}
579,central,1,{639: 1}
580,828110,1,{512: 1}
581,call,2,"{282: 1, 1219: 1}"
582,877118,1,{968: 1}
583,questioned,1,{137: 1}
584,into,1,{141: 1}
585,manuals,1,{553: 1}
586,became,1,{1343: 1}
587,106814,1,{191: 1}
588,helpful,1,{752: 1}
589,latter,1,{1004: 1}
590,shall,1,{1011: 1}
591,prevention,1,{1164: 1}
592,since,2,"{216: 1, 748: 1}"
593,676118,1,{934: 1}
594,europeennes,1,{574: 1}
595,35819,1,{416: 1}
596,959,1,{402: 1}
597,dewey,4,"{2: 1, 6: 1, 11: 1, 1112: 1}"
598,53515,1,{240: 1}
599,dove,1,{1164: 1}
600,40316,1,{307: 1}
601,1005122,1,{1229: 1}
602,hyman,1,{379: 1}
603,technical,9,"{26: 1, 31: 1, 40: 1, 42: 1, 688: 1, 690: 1, 692: 1, 815: 1, 824: 1}"
604,previous,1,{849: 1}
605,1936,1,{1342: 1}
606,critically,1,{852: 1}
607,arbitrary,2,{1334: 2}
608,235116,1,{761: 1}
609,emphasis,1,{289: 1}
610,96215,1,{260: 1}
611,jp,1,{4: 1}
612,305111,1,{562: 1}
613,realized,1,{648: 1}
614,849124,1,{1305: 1}
615,dimensions,1,{821: 1}
616,6,2,"{270: 1, 1270: 1}"
617,needs,1,{470: 1}
618,851124,1,{1307: 1}
619,278124,1,{1288: 1}
620,journals,1,{480: 1}
621,segment,3,"{298: 1, 1201: 1, 1203: 1}"
622,respect,1,{350: 1}
623,concerned,4,"{358: 1, 1209: 1, 1264: 1, 1265: 1}"
624,routines,1,{550: 1}
625,automated,1,{817: 1}
626,make,6,"{322: 1, 693: 1, 736: 1, 827: 1, 828: 1, 1197: 1}"
627,animal,1,{1158: 1}
628,1302110,1,{532: 1}
629,rule,1,{828: 1}
630,78314,1,{171: 1}
631,interaction,1,{691: 1}
632,users,5,"{42: 1, 47: 1, 472: 1, 603: 1, 749: 1}"
633,well,2,"{356: 1, 825: 1}"
634,955124,1,{1314: 1}
635,territory,1,{1158: 1}
636,federal,1,{606: 1}
637,9115,1,{228: 1}
638,counsel,1,{362: 1}
639,idiom,1,{1000: 1}
640,508118,1,{896: 1}
641,dissemination,2,"{843: 1, 853: 1}"
642,range,1,{1205: 1}
643,crossed,1,{356: 1}
644,modified,1,{689: 1}
645,less,3,"{36: 1, 382: 1, 1169: 1}"
646,event,1,{1172: 1}
647,periodical,5,"{457: 1, 462: 1, 464: 1, 468: 1, 470: 1}"
648,1966,1,{851: 1}
649,bibliography,3,"{744: 1, 751: 1, 756: 1}"
650,245113,1,{617: 1}
651,language,9,"{481: 1, 996: 1, 998: 1, 1002: 1, 1007: 1, 1009: 1, 1012: 1, 1013: 1, 1349: 1}"
652,main,1,{220: 1}
653,uncertainty,1,{1241: 1}
654,24,1,{1257: 1}
655,interested,1,{348: 1}
656,development,8,"{221: 1, 279: 1, 344: 1, 683: 1, 688: 1, 834: 1, 1011: 1, 1117: 1}"
657,pairs,1,{1376: 1}
658,nongovernmental,1,{575: 1}
659,volume,2,"{796: 1, 797: 1}"
660,1146110,1,{527: 1}
661,887110,1,{516: 1}
662,58014,1,{160: 1}
663,manual,1,{736: 1}
664,495118,1,{893: 1}
665,time,1,{1120: 1}
666,48,1,{463: 1}
667,thing,1,{212: 1}
668,september,2,"{591: 1, 608: 1}"
669,drives,1,{1159: 1}
670,representative,1,{318: 1}
671,throughout,2,"{746: 1, 756: 1}"
672,mean,1,{1263: 1}
673,wooster,1,{599: 1}
674,26813,1,{108: 1}
675,nine,1,{135: 1}
676,text,6,"{283: 1, 295: 1, 651: 1, 739: 1, 756: 1, 1371: 1}"
677,1386121,1,{1181: 1}
678,whatever,1,{588: 1}
679,machines,1,{751: 1}
680,outlined,2,"{543: 1, 738: 1}"
681,870218,1,{966: 1}
682,1303118,1,{979: 1}
683,lending,1,{585: 1}
684,acquiring,2,"{467: 1, 588: 1}"
685,essays,1,{340: 1}
686,parameters,2,"{1005: 1, 1007: 1}"
687,279124,1,{1289: 1}
688,665120,1,{1138: 1}
689,investigating,1,{1332: 1}
690,subjects,1,{787: 1}
691,person,2,"{36: 1, 37: 1}"
692,formulated,1,{1336: 1}
693,companies,1,{858: 1}
694,684124,1,{1297: 1}
695,them,1,{1259: 1}
696,college,7,"{320: 1, 363: 1, 377: 1, 635: 1, 640: 1, 642: 1, 651: 1}"
697,459318,1,{886: 1}
698,mostly,1,{358: 1}
699,96015,1,{258: 1}
700,78319,1,{427: 1}
701,problem,5,"{743: 1, 798: 1, 799: 1, 996: 1, 1242: 1}"
702,abstracts,4,"{278: 1, 284: 1, 293: 1, 296: 1}"
703,date,1,{654: 1}
704,selective,2,"{843: 1, 853: 1}"
705,arouse,1,{393: 1}
706,62214,1,{161: 1}
707,419326,1,{1393: 1}
708,15222,1,{56: 1}
709,significance,1,{788: 1}
710,women,1,{220: 1}
711,research,18,"{131: 1, 141: 1, 204: 1, 288: 1, 292: 1, 295: 1, 297: 1, 352: 1, 358: 1, 387: 1, 390: 1, 399: 1, 576: 1, 683: 1, 688: 1, 789: 1, 792: 1, 832: 1}"
712,species,1,{1167: 1}
713,1428119,1,{1099: 1}
714,77424,1,{169: 1}
715,available,3,"{299: 1, 472: 1, 586: 1}"
716,results,1,{690: 1}
717,823110,1,{508: 1}
718,228219,1,{1027: 1}
719,publishingwas,1,{364: 1}
720,problems,8,"{319: 1, 388: 1, 553: 1, 583: 1, 810: 1, 813: 1, 819: 1, 1345: 1}"
721,1227110,1,{528: 1}
722,ahead,1,{805: 1}
723,1958,1,{855: 1}
724,1078118,1,{970: 1}
725,thomas,1,{685: 1}
726,1287119,1,{1090: 1}
727,1059110,1,{525: 1}
728,18,2,"{2: 1, 841: 1}"
729,spite,1,{9: 1}
730,66513,1,{115: 1}
731,11515,1,{229: 1}
732,retains,1,{649: 1}
733,purposes,2,"{654: 1, 1371: 1}"
734,371122,1,{1225: 1}
735,especially,1,{280: 1}
736,18411868,1,{1105: 1}
737,which,3,"{140: 1, 222: 1, 741: 1}"
738,machineproduced,1,{804: 1}
739,cannot,1,{102: 1}
740,innate,1,{1159: 1}
741,132119,1,{450: 1}
742,understanding,1,{295: 1}
743,organization,6,"{94: 1, 95: 1, 575: 1, 582: 1, 693: 1, 694: 1}"
744,class,1,{746: 1}
745,contrast,1,{1338: 1}
746,373,1,{105: 1}
747,136515,1,{266: 1}
748,policy,3,"{544: 1, 1190: 1, 1196: 1}"
749,library,47,"{32: 1, 35: 1, 37: 1, 47: 1, 130: 1, 139: 1, 142: 1, 203: 1, 276: 1, 313: 1, 320: 1, 340: 1, 353: 1, 355: 1, 363: 1, 470: 1, 474: 1, 539: 1, 547: 1, 635: 1, 640: 1, 642: 1, 643: 1, 644: 1, 647: 1, 651: 1, 732: 1, 736: 1, 737: 1, 751: 1, 821: 1, 825: 1, 826: 1, 834: 1, 836: 1, 1110: 1, 1111: 1, 1117: 1, 1122: 1, 1191: 1, 1192: 1, 1200: 1, 1202: 1, 1210: 1, 1236: 1, 1241: 1, 1250: 1}"
750,documentary,2,"{385: 1, 386: 1}"
751,identified,1,{325: 1}
752,mental,1,{1373: 1}
753,55315,1,{241: 1}
754,enlarging,1,{321: 1}
755,operations,5,"{751: 1, 818: 1, 1331: 1, 1335: 1, 1347: 1}"
756,show,2,"{324: 1, 997: 1}"
757,transfer,2,"{33: 1, 40: 1}"
758,433110,1,{497: 1}
759,steps,1,{739: 1}
760,levels,1,{218: 1}
761,wilson,1,{92: 1}
762,keep,2,"{353: 1, 364: 1}"
763,left,1,{388: 1}
764,situations,1,{38: 1}
765,118221,1,{1176: 1}
766,without,3,"{473: 1, 815: 1, 1162: 1}"
767,practice,2,"{553: 1, 789: 1}"
768,first,6,"{7: 1, 12: 1, 216: 1, 649: 1, 797: 1, 1333: 1}"
769,62124,1,{1274: 1}
770,full,1,{10: 1}
771,1920s,1,{1329: 1}
772,certain,2,"{99: 1, 1345: 1}"
773,40119,1,{1020: 1}
774,noted,1,{1160: 1}
775,europe,2,"{577: 1, 589: 1}"
776,honor,1,{340: 1}
777,therefore,3,"{857: 1, 1346: 1, 1376: 1}"
778,two,7,"{89: 1, 688: 1, 690: 1, 745: 1, 827: 1, 1004: 1, 1379: 1}"
779,country,1,{15: 1}
780,effort,1,{292: 1}
781,today,2,"{218: 1, 1268: 1}"
782,there,1,{803: 1}
783,collaboration,1,{576: 1}
784,will,2,"{95: 1, 790: 1}"
785,15,1,{681: 1}
786,15512,1,{57: 1}
787,36013,1,{111: 1}
788,k,1,{1153: 1}
789,62519,1,{421: 1}
790,physical,1,{469: 1}
791,fronts,1,{793: 1}
792,becoming,1,{291: 1}
793,129120,1,{1129: 1}
794,229119,1,{1028: 1}
795,university,6,"{130: 1, 139: 1, 320: 1, 577: 1, 590: 1, 1244: 1}"
796,pz4,1,{744: 1}
797,699118,1,{935: 1}
798,deciding,1,{752: 1}
799,related,2,"{1345: 1, 1372: 1}"
800,manifested,1,{351: 1}
801,editing,1,{284: 1}
802,contributing,1,{302: 1}
803,vertebrates,1,{1156: 1}
804,des,1,{574: 1}
805,benefit,1,{294: 1}
806,back,1,{1329: 1}
807,4213,1,{106: 1}
808,16,1,{730: 1}
809,support,3,"{757: 1, 794: 1, 1197: 1}"
810,sense,3,"{99: 1, 1168: 1, 1377: 1}"
811,563119,1,{1050: 1}
812,defined,3,"{1330: 1, 1347: 1, 1372: 1}"
813,advancement,1,{1209: 1}
814,essential,2,"{742: 1, 818: 1}"
815,origins,1,{211: 1}
816,analogous,1,{1171: 1}
817,1022120,1,{1143: 1}
818,mind,1,{353: 1}
819,de,1,{574: 1}
820,project,4,"{131: 1, 204: 1, 742: 1, 1240: 1}"
821,1302118,1,{978: 1}
822,23523,2,"{1255: 1, 1256: 1}"
823,79114,1,{173: 1}
824,years,7,"{210: 1, 815: 1, 820: 1, 860: 1, 1121: 1, 1335: 1, 1343: 1}"
825,visit,1,{44: 1}
826,36515,1,{237: 1}
827,howtodoit,1,{277: 1}
828,articles,7,"{477: 1, 752: 1, 791: 1, 797: 1, 827: 1, 830: 1, 832: 1}"
829,421118,1,{882: 1}
830,c,1,{855: 1}
831,749119,1,{1061: 1}
832,gr,2,"{637: 1, 845: 1}"
833,believe,1,{289: 1}
834,found,4,"{653: 1, 796: 1, 799: 1, 1171: 1}"
835,521118,1,{903: 1}
836,acceptable,1,{808: 1}
837,700118,1,{936: 1}
838,poetry,1,{354: 1}
839,13714,1,{150: 1}
840,concepts,7,"{272: 1, 282: 1, 382: 1, 390: 1, 552: 1, 832: 1, 1008: 1}"
841,lies,1,{805: 1}
842,provoked,1,{135: 1}
843,541110,1,{500: 1}
844,interest,1,{394: 1}
845,outside,2,"{35: 1, 693: 1}"
846,system,9,"{12: 1, 466: 1, 467: 1, 607: 1, 732: 1, 737: 1, 746: 1, 1331: 1, 1337: 1}"
847,does,1,{321: 1}
848,never,1,{10: 1}
849,group,2,"{797: 1, 1341: 1}"
850,97712,1,{79: 1}
851,algebraic,4,"{1325: 1, 1332: 1, 1346: 1, 1348: 1}"
852,a,30,"{3: 1, 37: 1, 91: 1, 96: 1, 132: 1, 205: 1, 273: 1, 315: 1, 341: 1, 378: 1, 458: 1, 540: 1, 571: 1, 598: 1, 605: 1, 636: 1, 646: 1, 684: 1, 733: 1, 780: 1, 844: 1, 992: 1, 1106: 1, 1152: 1, 1187: 1, 1237: 1, 1260: 1, 1326: 1, 1335: 1, 1367: 1}"
853,98114,1,{190: 1}
854,photocopies,2,"{465: 1, 476: 1}"
855,858,1,{367: 1}
856,2000,1,{1269: 1}
857,instruction,1,{645: 1}
858,interlibrary,2,"{463: 1, 466: 1}"
859,herdan,1,{993: 1}
860,702110,1,{502: 1}
861,affecting,1,{1259: 1}
862,837124,1,{1304: 1}
863,untutored,1,{397: 1}
864,29814,1,{156: 1}
865,1387115,1,{727: 1}
866,endorsed,1,{141: 1}
867,often,1,{1164: 1}
868,greatest,1,{1247: 1}
869,grant,1,{589: 1}
870,20,1,{1102: 1}
871,732218,1,{950: 1}
872,percent,1,{463: 1}
873,selection,3,"{544: 1, 556: 1, 1168: 1}"
874,author,1,{1342: 1}
875,knowledge,7,"{95: 1, 97: 1, 98: 1, 100: 1, 102: 1, 103: 1, 816: 1}"
876,213113,1,{616: 1}
877,19719,1,{1017: 1}
878,focused,1,{469: 1}
879,preceding,2,"{1114: 1, 1121: 1}"
880,479126,1,{1397: 1}
881,to,3,"{353: 1, 604: 1, 1116: 1}"
882,topic,1,{289: 1}
883,252,1,{50: 1}
884,complete,1,{1205: 1}
885,called,1,{1338: 1}
886,associated,1,{1377: 1}
887,computers,1,{215: 1}
888,1876,4,"{8: 1, 1110: 1, 1115: 1, 1118: 1}"
889,classifications,1,{2: 1}
890,references,3,"{548: 1, 555: 2}"
891,89217,1,{331: 1}
892,1186215,1,{717: 1}
893,17213,1,{107: 1}
894,202118,1,{873: 1}
895,demonstrate,1,{797: 1}
896,18718,1,{862: 1}
897,1935,1,{1335: 1}
898,provide,6,"{13: 1, 579: 1, 692: 1, 785: 1, 788: 1, 1247: 1}"
899,progress,3,"{792: 1, 806: 1, 829: 1}"
900,174126,1,{1387: 1}
901,innumerable,1,{1170: 1}
902,based,2,"{470: 1, 791: 1}"
903,36419,1,{417: 1}
904,bibliographical,3,"{97: 1, 99: 1, 102: 1}"
905,feasibility,1,{585: 1}
906,teaching,3,"{643: 1, 651: 1, 824: 1}"
907,make,6,"{322: 1, 693: 1, 736: 1, 827: 1, 828: 1, 1197: 1}"
908,responsibility,1,{1203: 1}
909,855124,1,{1311: 1}
910,leading,1,{1159: 1}
911,45614,1,{159: 1}
912,experienced,1,{219: 1}
913,989116,1,{772: 1}
914,characterising,1,{1006: 1}
915,like,2,"{605: 1, 1161: 1}"
916,cases,2,"{325: 1, 655: 1}"
917,791119,1,{1068: 1}
918,172120,1,{1131: 1}
919,1019114,1,{672: 1}
920,faculty,3,"{358: 1, 644: 1, 1249: 1}"
921,sense,3,"{99: 1, 1168: 1, 1377: 1}"
922,case,2,"{322: 1, 757: 1}"
923,22319,1,{409: 1}
924,automation,6,"{288: 1, 550: 1, 553: 1, 555: 1, 794: 1, 802: 1}"
925,buckland,1,{133: 1}
926,1030114,1,{674: 1}
927,evaluation,2,"{281: 1, 292: 1}"
928,prepare,1,{296: 1}
929,significantly,1,{749: 1}
930,32115,1,{698: 1}
931,cultural,1,{1167: 1}
932,15815,1,{230: 1}
933,1058111,1,{565: 1}
934,98513,1,{121: 1}
935,become,3,"{209: 1, 214: 1, 818: 1}"
936,8,1,{338: 1}
937,recherche,1,{574: 1}
938,20715,1,{231: 1}
939,625115,1,{712: 1}
940,1970,2,"{387: 1, 783: 1}"
941,1431116,2,"{775: 1, 776: 1}"
942,466113,1,{620: 1}
943,91113,1,{120: 1}
944,charles,2,"{1104: 1, 1112: 1}"
945,667119,1,{1058: 1}
946,searching,1,{1380: 1}
947,560119,1,{1049: 1}
948,1086114,1,{675: 1}
949,violent,1,{1164: 1}
950,though,1,{352: 1}
951,forces,2,"{1259: 1, 1263: 1}"
952,attention,2,"{743: 1, 1121: 1}"
953,aggression,3,"{1151: 1, 1155: 1, 1172: 1}"
954,seems,1,{1120: 1}
955,lines,1,{357: 1}
956,provide,6,"{13: 1, 579: 1, 692: 1, 785: 1, 788: 1, 1247: 1}"
957,95915,1,{257: 1}
958,relationships,1,{94: 1}
959,longrange,1,{466: 1}
960,1396518,2,"{987: 1, 988: 1}"
961,145112,2,"{85: 1, 86: 1}"
962,1424314,2,"{679: 1, 680: 1}"
963,909120,1,{1141: 1}
964,different,1,{1156: 1}
965,societies,1,{859: 1}
966,119124,1,{1282: 1}
967,pivotal,1,{1119: 1}
968,laid,1,{1012: 1}
969,american,5,"{1104: 1, 1110: 1, 1116: 1, 1122: 1, 1191: 1}"
970,37112,1,{65: 1}
971,ddcs,1,{9: 1}
972,707118,1,{940: 1}
973,139015,1,{267: 1}
974,important,7,"{291: 1, 319: 1, 344: 1, 836: 1, 1265: 1, 1267: 1, 1336: 1}"
975,1036115,1,{715: 1}
976,find,2,"{301: 1, 996: 1}"
977,much,5,"{96: 1, 292: 1, 799: 1, 821: 1, 1201: 1}"
978,7,1,{311: 1}
979,62919,1,{422: 1}
980,review,2,"{813: 1, 856: 1}"
981,detailed,4,"{13: 1, 285: 1, 737: 1, 813: 1}"
982,writing,2,"{283: 1, 350: 1}"
983,whereas,1,{1163: 1}
984,aspect,1,{32: 1}
985,supplement,1,{643: 1}
986,lead,1,{1195: 1}
987,revision,1,{650: 1}
988,all,1,{794: 1}
989,17,2,"{590: 1, 777: 1}"
990,925124,1,{1313: 1}
991,annual,1,{603: 1}
992,fiercer,1,{1161: 1}
993,820218,1,{960: 1}
994,individual,1,{344: 1}
995,asheim,1,{1188: 1}
996,fiche,1,{606: 1}
997,restriction,1,{473: 1}
998,74124,1,{1277: 1}
999,1087119,1,{1081: 1}
1000,possible,5,"{223: 1, 467: 1, 736: 1, 814: 1, 824: 1}"
1001,46116,1,{308: 1}
1002,browsing,2,"{388: 1, 396: 1}"
1003,ground,1,{856: 1}
1004,102411,2,"{22: 1, 23: 1}"
1005,469120,1,{1133: 1}
1006,126813,1,{123: 1}
1007,difficult,1,{819: 1}
1008,studying,1,{1330: 1}
1009,468118,1,{890: 1}
1010,810118,1,{956: 1}
1011,702118,1,{937: 1}
1012,providing,2,"{139: 1, 836: 1}"
1013,practices,1,{808: 1}
1014,good,1,{350: 1}
1015,121217,1,{334: 1}
1016,either,2,"{212: 1, 693: 1}"
1017,published,3,"{7: 1, 791: 1, 1336: 1}"
1018,632118,1,{926: 1}
1019,maps,1,{1379: 1}
1020,spurred,1,{14: 1}
1021,1,2,"{0: 1, 1263: 1}"
1022,contribution,1,{849: 1}
1023,evidence,1,{1245: 1}
1024,1275114,1,{677: 1}
1025,thinking,1,{1265: 1}
1026,best,1,{139: 1}
1027,664113,1,{622: 1}
1028,remains,1,{828: 1}
1029,1060110,1,{526: 1}
1030,79914,1,{174: 1}
1031,reflected,2,"{822: 1, 854: 1}"
1032,works,1,{397: 1}
1033,professor,1,{362: 1}
1034,strongly,1,{1376: 1}
1035,following,2,"{386: 1, 471: 1}"
1036,satisfied,1,{465: 1}
1037,fighting,1,{1162: 1}
1038,complex,2,"{215: 1, 799: 1}"
1039,mechanics,1,{748: 1}
1040,mason,1,{323: 1}
1041,acquisition,5,"{539: 1, 570: 1, 581: 1, 584: 1, 807: 1}"
1042,gradually,1,{1343: 1}
1043,nature,2,"{136: 1, 1345: 1}"
1044,luxembourg,1,{580: 1}
1045,91519,1,{438: 1}
1046,processes,2,"{807: 1, 1373: 1}"
1047,recommend,1,{462: 1}
1048,968113,1,{629: 1}
1049,area,1,{808: 1}
1050,124219,1,{447: 1}
1051,rests,2,"{639: 1, 1200: 1}"
1052,algebra,4,"{1329: 1, 1338: 1, 1341: 1, 1350: 1}"
1053,23415,1,{234: 1}
1054,1363118,1,{980: 1}
1055,abroad,1,{15: 1}
1056,era,2,"{1113: 1, 1119: 1}"
1057,case,2,"{322: 1, 757: 1}"
1058,level,3,"{1215: 1, 1217: 1, 1219: 1}"
1059,handle,1,{215: 1}
1060,models,2,"{738: 1, 1338: 1}"
1061,affect,2,"{394: 1, 749: 1}"
1062,efforts,1,{835: 1}
1063,520118,1,{902: 1}
1064,immediate,1,{810: 1}
1065,827118,1,{963: 1}
1066,244110,1,{489: 1}
1067,1117325,1,{1354: 1}
1068,802116,1,{766: 1}
1069,92534,1,{183: 1}
1070,number,2,"{210: 1, 1005: 1}"
1071,77012,1,{69: 1}
1072,leads,1,{1164: 1}
1073,maintenance,1,{1213: 1}
1074,buildings,2,"{313: 1, 321: 1}"
1075,acquaintance,1,{360: 1}
1076,scattered,1,{998: 1}
1077,mixed,1,{1158: 1}
1078,finally,1,{751: 1}
1079,successful,1,{318: 1}
1080,felt,1,{355: 1}
1081,loans,2,"{463: 1, 464: 1}"
1082,next,1,{1343: 1}
1083,cohen,1,{686: 1}
1084,model,2,"{1338: 1, 1344: 1}"
1085,16319,1,{406: 1}
1086,404116,1,{764: 1}
1087,annotated,1,{751: 1}
1088,century,2,"{1114: 1, 1119: 1}"
1089,378118,1,{880: 1}
1090,1089118,1,{971: 1}
1091,proposals,1,{607: 1}
1092,publications,5,"{279: 1, 284: 1, 287: 1, 588: 1, 850: 1}"
1093,20729,1,{407: 1}
1094,appendix,1,{286: 1}
1095,cost,2,"{590: 1, 748: 1}"
1096,attempt,4,"{13: 1, 322: 1, 605: 1, 852: 1}"
1097,political,1,{394: 1}
1098,81125,1,{246: 1}
1099,certainly,1,{796: 1}
1100,would,4,"{583: 1, 605: 1, 787: 1, 997: 1}"
1101,has,2,"{208: 1, 209: 1}"
1102,architects,1,{320: 1}
1103,consideration,4,"{382: 1, 465: 1, 588: 1, 1194: 1}"
1104,irrespective,1,{481: 1}
1105,history,5,"{6: 1, 13: 1, 754: 1, 852: 1, 1114: 1}"
1106,house,1,{642: 1}
1107,statistical,4,"{995: 1, 1008: 1, 1014: 1, 1377: 1}"
1108,16616,1,{759: 1}
1109,s,1,{541: 1}
1110,encompassed,1,{1206: 1}
1111,512218,1,{899: 1}
1112,foresee,1,{1269: 1}
1113,632119,1,{1056: 1}
1114,1971,3,"{8: 1, 575: 1, 851: 1}"
1115,on,1,{601: 1}
1116,success,1,{835: 1}
1117,borko,1,{274: 1}
1118,product,1,{281: 1}
1119,10,1,{455: 1}
1120,actively,1,{1212: 1}
1121,figures,2,"{1112: 1, 1247: 1}"
1122,1304119,1,{1093: 1}
1123,intellectual,2,"{393: 1, 582: 1}"
1124,cited,2,"{548: 1, 555: 1}"
1125,else,1,{96: 1}
1126,dichotomy,1,{1014: 1}
1127,refer,1,{756: 1}
1128,congress,2,"{732: 1, 737: 1}"
1129,laboratories,3,"{683: 1, 688: 1, 690: 1}"
1130,account,3,"{35: 1, 995: 1, 1011: 1}"
1131,way,1,{101: 1}
1132,modelling,1,{222: 1}
1133,rarely,1,{44: 1}
1134,classical,1,{1341: 1}
1135,desk,1,{44: 1}
1136,topics,4,"{282: 1, 545: 1, 546: 1, 554: 1}"
1137,893119,1,{1075: 1}
1138,critical,2,"{361: 1, 791: 1}"
1139,augmentation,1,{467: 1}
1140,861116,1,{768: 1}
1141,705118,1,{939: 1}
1142,kind,1,{1263: 1}
1143,relative,1,{393: 1}
1144,jewett,2,{1104: 2}
1145,training,2,"{212: 1, 1204: 1}"
1146,parry,1,{140: 1}
1147,portion,1,{359: 1}
1148,511118,1,{898: 1}
1149,satisfying,1,{468: 1}
1150,thoroughly,2,"{547: 1, 747: 1}"
1151,approach,2,"{383: 1, 387: 1}"
1152,official,1,{1190: 1}
1153,writings,4,"{94: 1, 96: 1, 101: 1, 103: 1}"
1154,25,1,{1323: 1}
1155,attacks,1,{1165: 1}
1156,strict,1,{1168: 1}
1157,84419,1,{435: 1}
1158,predators,1,{1161: 1}
1159,484126,1,{1398: 1}
1160,algebraists,1,{1332: 1}
1161,91314,1,{181: 1}
1162,76012,1,{68: 1}
1163,making,2,"{740: 1, 1340: 1}"
1164,change,3,"{736: 1, 797: 1, 824: 1}"
1165,organizations,1,{47: 1}
1166,acts,2,"{30: 1, 37: 1}"
1167,exploration,1,{1193: 1}
1168,one,9,"{32: 1, 42: 1, 220: 1, 303: 1, 346: 1, 810: 1, 996: 1, 1000: 1, 1115: 1}"
1169,criteria,1,{740: 1}
1170,580118,1,{914: 1}
1171,foundation,1,{1012: 1}
1172,266114,1,{664: 1}
1173,72914,1,{165: 1}
1174,last,3,"{209: 1, 860: 1, 1378: 1}"
1175,began,1,{855: 1}
1176,primarily,5,"{352: 1, 355: 1, 475: 1, 1167: 1, 1333: 1}"
1177,profession,6,"{788: 1, 1114: 1, 1194: 1, 1197: 1, 1202: 1, 1210: 1}"
1178,1224125,1,{1361: 1}
1179,biographies,1,{11: 1}
1180,618119,1,{1055: 1}
1181,constantly,1,{353: 1}
1182,comparing,1,{383: 1}
1183,losses,2,"{1246: 1, 1251: 1}"
1184,treatment,1,{554: 1}
1185,using,3,"{689: 1, 999: 1, 1008: 1}"
1186,1404124,1,{1320: 1}
1187,relate,2,"{546: 1, 756: 1}"
1188,be,2,"{355: 1, 587: 1}"
1189,extent,1,{1242: 1}
1190,17,2,"{590: 1, 777: 1}"
1191,scholar,1,{398: 1}
1192,77112,1,{70: 1}
1193,ca,1,{1261: 1}
1194,72814,1,{164: 1}
1195,567119,1,{1052: 1}
1196,26217,1,{329: 1}
1197,peculiarity,1,{1002: 1}
1198,applied,3,"{1005: 1, 1268: 1, 1349: 1}"
1199,required,1,{1205: 1}
1200,socalled,1,{1349: 1}
1201,persons,1,{1207: 1}
1202,management,4,"{136: 1, 203: 1, 216: 1, 221: 1}"
1203,447115,1,{706: 1}
1204,rather,2,"{43: 1, 828: 1}"
1205,statistics,7,"{998: 1, 1002: 1, 1003: 1, 1004: 1, 1005: 1, 1013: 1, 1371: 1}"
1206,ford,1,{541: 1}
1207,appearance,1,{1111: 1}
1208,luhn,1,{854: 1}
1209,91515,1,{252: 1}
1210,numbers,1,{755: 1}
1211,90723,1,{119: 1}
1212,the,27,"{41: 1, 280: 1, 285: 1, 289: 1, 348: 1, 469: 1, 548: 1, 581: 1, 589: 1, 602: 1, 692: 1, 740: 1, 753: 1, 808: 1, 822: 1, 859: 1, 996: 1, 1003: 1, 1114: 1, 1168: 1, 1240: 1, 1248: 1, 1265: 1, 1343: 1, 1348: 1, 1370: 1, 1378: 1}"
1213,84319,1,{434: 1}
1214,140014,1,{197: 1}
1215,extracts,2,"{293: 1, 296: 1}"
1216,145518,1,{871: 1}
1217,deserves,1,{289: 1}
1218,history,5,"{6: 1, 13: 1, 754: 1, 852: 1, 1114: 1}"
1219,fruitful,1,{1340: 1}
1220,81624,1,{176: 1}
1221,united,2,"{31: 1, 280: 1}"
1222,analysis,6,"{30: 1, 130: 1, 385: 1, 386: 1, 788: 1, 835: 1}"
1223,1280119,1,{1089: 1}
1224,social,3,"{394: 1, 691: 1, 1161: 1}"
1225,wish,1,{753: 1}
1226,advances,8,"{223: 1, 789: 2, 796: 1, 801: 1, 820: 1, 1115: 1, 1166: 1}"
1227,lc,1,{743: 1}
1228,23,1,{1234: 1}
1229,states,1,{280: 1}
1230,aggression,3,"{1151: 1, 1155: 1, 1172: 1}"
1231,preparing,1,{284: 1}
1232,post1970,1,{855: 1}
1233,shape,1,{1010: 1}
1234,contained,1,{103: 1}
1235,controversial,2,"{833: 1, 1112: 1}"
1236,1011224,1,{1316: 1}
1237,collected,1,{480: 1}
1238,availability,1,{584: 1}
1239,421126,1,{1395: 1}
1240,24017,1,{328: 1}
1241,storehouses,1,{101: 1}
1242,20620,1,{1125: 1}
1243,charged,1,{582: 1}
1244,parttime,1,{299: 1}
1245,152115,1,{703: 1}
1246,extremely,1,{1113: 1}
1247,13,1,{595: 1}
1248,darwinian,1,{1168: 1}
1249,267,1,{140: 1}
1250,635119,1,{1057: 1}
1251,may,4,"{738: 1, 793: 1, 833: 1, 1169: 1}"
1252,text,6,"{283: 1, 295: 1, 651: 1, 739: 1, 756: 1, 1371: 1}"
1253,services,2,"{579: 1, 821: 1}"
1254,includes,2,"{283: 1, 650: 1}"
1255,100411,1,{21: 1}
1256,engendered,1,{347: 1}
1257,studies,1,{849: 1}
1258,652120,1,{1137: 1}
1259,143111,1,{559: 1}
1260,1329121,1,{1180: 1}
1261,tool,1,{647: 1}
1262,linguists,1,{999: 1}
1263,questionnaire,1,{385: 1}
1264,for,2,"{346: 1, 584: 1}"
1265,finding,1,{578: 1}
1266,embodied,1,{998: 1}
1267,1400124,1,{1319: 1}
1268,evaluate,2,"{461: 1, 852: 1}"
1269,ad695049,1,{597: 1}
1270,modern,2,"{836: 1, 1109: 1}"
1271,25725,1,{1352: 1}
1272,application,3,"{747: 1, 832: 1, 1013: 1}"
1273,birkhoff,1,{1335: 1}
1274,period,2,"{855: 1, 1116: 1}"
1275,18,2,"{2: 1, 841: 1}"
1276,conference,1,{603: 1}
1277,encourage,1,{645: 1}
1278,1444119,2,"{1100: 1, 1101: 1}"
1279,complements,1,{850: 1}
1280,contact,1,{46: 1}
1281,professionals,2,"{299: 1, 1211: 1}"
1282,expended,1,{292: 1}
1283,high,2,"{1241: 1, 1251: 1}"
1284,914,1,{146: 1}
1285,advances,8,"{223: 1, 789: 2, 796: 1, 801: 1, 820: 1, 1115: 1, 1166: 1}"
1286,stimulating,1,{136: 1}
1287,expected,1,{800: 1}
1288,whole,2,"{40: 1, 1000: 1}"
1289,existing,1,{321: 1}
1290,example,1,{829: 1}
1291,report,5,"{30: 1, 131: 1, 140: 1, 204: 1, 606: 1}"
1292,tortuous,1,{754: 1}
1293,confirmed,1,{391: 1}
1294,88119,1,{1023: 1}
1295,subject,2,"{479: 1, 1173: 1}"
1296,word,3,"{1371: 1, 1374: 1, 1376: 1}"
1297,805119,1,{1070: 1}
1298,possibility,2,"{1339: 1, 1370: 1}"
1299,1020111,1,{563: 1}
1300,interprets,1,{857: 1}
1301,attitudes,1,{137: 1}
1302,delivery,1,{476: 1}
1303,550114,1,{668: 1}
1304,tools,1,{741: 1}
1305,85120,1,{1128: 1}
1306,valuable,1,{398: 1}
1307,nor,1,{1191: 1}
1308,96424,1,{188: 1}
1309,281224,1,{1291: 1}
1310,structures,2,"{321: 1, 1333: 1}"
1311,cooccurrence,3,"{1371: 1, 1372: 1, 1374: 1}"
1312,mistakes,1,{324: 1}
1313,271114,1,{665: 1}
1314,established,1,{389: 1}
1315,76124,1,{1279: 1}
1316,213118,1,{875: 1}
1317,practical,1,{578: 1}
1318,237120,1,{1132: 1}
1319,access,6,"{377: 1, 384: 1, 457: 1, 462: 1, 469: 1, 473: 1}"
1320,34118,1,{863: 1}
1321,102119,1,{1025: 1}
1322,universe,1,{1015: 1}
1323,211118,1,{874: 1}
1324,528118,1,{909: 1}
1325,29314,1,{155: 1}
1326,better,1,{646: 1}
1327,book,12,"{318: 1, 546: 1, 552: 1, 639: 1, 641: 1, 650: 1, 805: 1, 1002: 1, 1011: 1, 1155: 1, 1172: 1, 1246: 1}"
1328,remained,1,{138: 1}
1329,mechanization,2,"{793: 1, 807: 1}"
1330,human,1,{1167: 1}
1331,121913,1,{122: 1}
1332,explosion,1,{220: 1}
1333,820110,1,{507: 1}
1334,world,4,"{364: 1, 570: 1, 582: 1, 837: 1}"
1335,obtain,1,{100: 1}
1336,902121,1,{1178: 1}
1337,games,3,"{208: 1, 211: 1, 213: 1}"
1338,being,1,{464: 1}
1339,fully,1,{648: 1}
1340,effective,3,"{302: 1, 739: 1, 1198: 1}"
1341,generate,1,{1195: 1}
1342,787,1,{327: 1}
1343,classification,5,"{7: 1, 392: 1, 732: 1, 737: 1, 755: 1}"
1344,enter,2,"{96: 1, 805: 1}"
1345,briefly,2,"{12: 1, 1004: 1}"
1346,large,1,{214: 1}
1347,99419,1,{443: 1}
1348,exact,1,{738: 1}
1349,brief,2,"{287: 1, 1011: 1}"
1350,reading,3,"{351: 1, 361: 1, 652: 1}"
1351,726218,1,{944: 1}
1352,574115,1,{710: 1}
1353,follows,1,{1210: 1}
1354,bibliographical,3,"{97: 1, 99: 1, 102: 1}"
1355,affect,2,"{394: 1, 749: 1}"
1356,additional,1,{381: 1}
1357,1383118,1,{986: 1}
1358,sets,5,"{1330: 1, 1334: 1, 1337: 1, 1338: 1, 1347: 1}"
1359,article,4,"{819: 1, 834: 1, 1370: 1, 1379: 1}"
1360,465113,1,{619: 1}
1361,service,9,"{139: 1, 472: 1, 475: 1, 640: 1, 644: 1, 647: 1, 815: 1, 825: 1, 836: 1}"
1362,illustrated,1,{747: 1}
1363,overlook,2,"{359: 1, 1113: 1}"
1364,bibliotherapy,1,{829: 1}
1365,636118,1,{929: 1}
1366,office,1,{1192: 1}
1367,laboratories,3,"{683: 1, 688: 1, 690: 1}"
1368,particularly,5,"{43: 1, 577: 1, 1007: 1, 1120: 1, 1267: 1}"
1369,manpower,1,{1186: 1}
1370,language,9,"{481: 1, 996: 1, 998: 1, 1002: 1, 1007: 1, 1009: 1, 1012: 1, 1013: 1, 1349: 1}"
1371,times,1,{213: 1}
1372,knowing,1,{294: 1}
1373,22,1,{1184: 1}
1374,retrieval,1,{1372: 1}
1375,center,2,"{478: 1, 823: 1}"
1376,techniques,2,"{222: 1, 689: 1}"
1377,areas,5,"{589: 1, 743: 1, 1246: 1, 1251: 1, 1252: 1}"
1378,803115,1,{714: 1}
1379,398124,1,{1295: 1}
1380,510118,1,{897: 1}
1381,unavailable,1,{212: 1}
1382,selfindulgence,1,{396: 1}
1383,students,2,"{294: 1, 645: 1}"
1384,second,1,{580: 1}
1385,826118,1,{962: 1}
1386,systems,7,"{130: 1, 811: 1, 830: 1, 856: 1, 1325: 1, 1346: 1, 1348: 1}"
1387,mathematical,2,"{222: 1, 1339: 1}"
1388,evidently,1,{389: 1}
1389,increasingly,1,{291: 1}
1390,835124,1,{1303: 1}
1391,51126,1,{1385: 1}
1392,703118,1,{938: 1}
1393,calculus,1,{1349: 1}
1394,provides,1,{834: 1}
1395,rewarding,1,{301: 1}
1396,328226,1,{1392: 1}
1397,132114,2,"{196: 1, 658: 1}"
1398,note,1,{549: 1}
1399,writing,2,"{283: 1, 350: 1}"
1400,slater,1,{28: 1}
1401,developments,2,"{792: 1, 825: 1}"
1402,81124,1,{175: 1}
1403,future,4,"{8: 1, 809: 1, 1266: 1, 1269: 1}"
1404,i,1,{686: 1}
1405,simple,4,"{101: 1, 211: 1, 639: 1, 799: 1}"
1406,use,18,"{26: 1, 30: 1, 32: 1, 33: 1, 34: 1, 208: 1, 214: 1, 291: 1, 302: 1, 381: 1, 389: 1, 693: 1, 739: 1, 750: 1, 1253: 1, 1339: 1, 1340: 1, 1379: 1}"
1407,content,1,{348: 1}
1408,24525,1,{235: 1}
1409,adopting,1,{732: 1}
1410,former,1,{1006: 1}
1411,most,3,"{345: 1, 745: 1, 1375: 1}"
1412,850124,1,{1306: 1}
1413,points,1,{1156: 1}
1414,286113,1,{618: 1}
1415,81815,1,{249: 1}
1416,abstractpublishing,1,{279: 1}
1417,47512,1,{66: 1}
1418,administration,6,"{345: 1, 635: 1, 646: 1, 652: 1, 833: 1, 1249: 1}"
1419,76213,1,{116: 1}
1420,1280114,1,{678: 1}
1421,622218,1,{922: 1}
1422,sussex,1,{590: 1}
1423,fourteen,1,{860: 1}
1424,change,3,"{736: 1, 797: 1, 824: 1}"
1425,impossible,1,{1162: 1}
1426,cooccurring,1,{1376: 1}
1427,calculations,1,{215: 1}
1428,65124,1,{1275: 1}
1429,resistant,1,{389: 1}
1430,886110,1,{515: 1}
1431,250116,1,{762: 1}
1432,channel,1,{37: 1}
1433,excluding,1,{479: 1}
1434,assumption,1,{1199: 1}
1435,decimal,2,"{2: 1, 6: 1}"
1436,made,8,"{26: 1, 138: 1, 223: 1, 472: 1, 589: 1, 789: 1, 824: 1, 1338: 1}"
1437,thoroughly,2,"{547: 1, 747: 1}"
1438,6514,1,{148: 1}
1439,79119,1,{428: 1}
1440,effecting,1,{740: 1}
1441,technological,3,"{797: 1, 1259: 1, 1263: 1}"
1442,initial,1,{854: 1}
1443,choice,2,"{1010: 1, 1012: 1}"
1444,relying,1,{44: 1}
1445,pretended,1,{601: 1}
1446,is,9,"{33: 1, 38: 1, 358: 1, 466: 1, 554: 1, 752: 1, 1192: 1, 1200: 1, 1201: 1}"
1447,order,2,"{550: 1, 551: 1}"
1448,53519,1,{420: 1}
1449,principle,1,{640: 1}
1450,452118,1,{884: 1}
1451,statement,3,"{1190: 1, 1196: 1, 1199: 1}"
1452,considerable,2,"{742: 1, 1117: 1}"
1453,490118,1,{891: 1}
1454,association,7,"{1110: 1, 1122: 1, 1191: 1, 1196: 1, 1366: 1, 1378: 1, 1379: 1}"
1455,1362113,1,{630: 1}
1456,evolution,3,"{858: 1, 1155: 1, 1167: 1}"
1457,liber,2,"{574: 1, 581: 1}"
1458,1021111,1,{564: 1}
1459,748119,1,{1060: 1}
1460,53118,1,{865: 1}
1461,establishing,2,"{576: 1, 741: 1}"
1462,planned,2,"{651: 1, 790: 1}"
1463,81129,1,{430: 1}
1464,nonsocial,1,{1163: 1}
1465,adventures,2,"{779: 1, 991: 1}"
1466,336224,1,{1292: 1}
1467,section,1,{283: 1}
1468,enormous,1,{556: 1}
1469,agencies,1,{859: 1}
1470,third,3,"{582: 1, 603: 1, 1118: 1}"
1471,379119,1,{1038: 1}
1472,select,2,"{296: 1, 787: 1}"
1473,467118,1,{889: 1}
1474,132114,2,"{196: 1, 658: 1}"
1475,313119,1,{1031: 1}
1476,907124,1,{1312: 1}
1477,equipped,1,{1337: 1}
1478,r,1,{340: 1}
1479,505119,1,{1045: 1}
1480,comprehensive,2,"{478: 1, 748: 1}"
1481,82319,1,{433: 1}
1482,afford,1,{644: 1}
1483,proportion,2,"{38: 1, 41: 1}"
1484,419,1,{401: 1}
1485,788110,1,{505: 1}
1486,examine,1,{583: 1}
1487,485126,1,{1399: 1}
1488,abstractors,2,"{294: 1, 303: 1}"
1489,suggests,1,{813: 1}
1490,useful,4,"{653: 1, 1007: 1, 1121: 1, 1216: 1}"
1491,455125,1,{1353: 1}
1492,basic,5,"{138: 1, 383: 1, 588: 1, 1199: 1, 1336: 1}"
1493,101210,1,{483: 1}
1494,deal,1,{97: 1}
1495,locationwere,1,{393: 1}
1496,among,1,{1241: 1}
1497,511119,1,{1046: 1}
1498,245124,1,{1287: 1}
1499,frustrating,1,{754: 1}
1500,independent,1,{652: 1}
1501,1045120,1,{1144: 1}
1502,814218,1,{959: 1}
1503,1453220,2,"{1147: 1, 1148: 1}"
1504,degree,2,"{835: 1, 1241: 1}"
1505,books,12,"{356: 1, 357: 1, 361: 2, 364: 1, 548: 1, 646: 1, 749: 1, 752: 1, 1243: 1, 1245: 1, 1251: 1}"
1506,brought,1,{654: 1}
1507,551210,1,{501: 1}
1508,mj,1,{781: 1}
1509,presents,2,"{813: 1, 1379: 1}"
1510,war,1,{211: 1}
1511,813218,1,{958: 1}
1512,up,1,{574: 1}
1513,public,1,{826: 1}
1514,been,2,"{746: 1, 798: 1}"
1515,1322211,2,"{566: 1, 567: 1}"
1516,transferred,2,"{36: 1, 39: 1}"
1517,11,1,{537: 1}
1518,channels,1,{1169: 1}
1519,302114,1,{667: 1}
1520,duplicate,1,{849: 1}
1521,council,1,{589: 1}
1522,thread,1,{997: 1}
1523,escape,2,"{1161: 1, 1164: 1}"
1524,potential,2,"{795: 1, 830: 1}"
1525,average,1,{394: 1}
1526,1187115,1,{718: 1}
1527,cutter,1,{1112: 1}
1528,309126,1,{1390: 1}
1529,beginning,1,{1109: 1}
1530,ve,1,{459: 1}
1531,substantial,1,{650: 1}
1532,references,3,"{548: 1, 555: 2}"
1533,21,1,{1149: 1}
1534,864116,1,{770: 1}
1535,1227122,1,{1231: 1}
1536,491118,1,{892: 1}
1537,include,1,{278: 1}
1538,1972,1,{580: 1}
1539,are,2,"{1208: 1, 1263: 1}"
1540,529118,1,{910: 1}
1541,1361124,1,{1318: 1}
1542,preparations,1,{741: 1}
1543,wide,1,{217: 1}
1544,peaceful,1,{1164: 1}
1545,formal,1,{1348: 1}
1546,121915,1,{263: 1}
1547,european,2,"{584: 1, 585: 1}"
1548,ever,1,{601: 1}
1549,conventional,1,{1003: 1}
1550,collection,3,"{359: 1, 478: 1, 586: 1}"
1551,9614,1,{149: 1}
1552,series,6,"{738: 1, 747: 1, 785: 1, 787: 1, 796: 1, 1347: 1}"
1553,indicated,1,{1246: 1}
1554,statement,3,"{1190: 1, 1196: 1, 1199: 1}"
1555,continue,1,{9: 1}
1556,1235115,1,{720: 1}
1557,796116,1,{765: 1}
1558,1090114,1,{676: 1}
1559,significant,3,"{346: 1, 820: 1, 1113: 1}"
1560,907113,1,{627: 1}
1561,126617,1,{335: 1}
1562,305110,1,{491: 1}
1563,classes,1,{219: 1}
1564,economics,1,{1006: 1}
1565,yale,1,{323: 1}
1566,repot,1,{140: 1}
1567,cooperation,1,{1162: 1}
1568,79919,1,{429: 1}
1569,intellectual,2,"{393: 1, 582: 1}"
1570,describing,2,"{750: 1, 1007: 1}"
1571,discovered,1,{1342: 1}
1572,medicine,1,{479: 1}
1573,matthis,1,{734: 1}
1574,and,15,"{319: 1, 350: 1, 383: 1, 388: 1, 552: 1, 641: 1, 642: 1, 1008: 1, 1110: 1, 1111: 1, 1167: 1, 1212: 1, 1215: 1, 1345: 1, 1347: 1}"
1575,librarians,9,"{294: 1, 301: 1, 319: 1, 347: 1, 795: 1, 1109: 1, 1186: 1, 1206: 1, 1208: 1}"
1576,computer,4,"{223: 1, 291: 1, 295: 1, 811: 1}"
1577,81512,1,{77: 1}
1578,initially,1,{475: 1}
1579,94415,1,{254: 1}
1580,55212,1,{67: 1}
1581,survey,1,{383: 1}
1582,106914,1,{192: 1}
1583,healthy,1,{10: 1}
1584,1408215,2,"{728: 1, 729: 1}"
1585,democratic,1,{395: 1}
1586,key,2,"{296: 1, 298: 1}"
1587,658124,1,{1296: 1}
1588,35317,1,{330: 1}
1589,examples,4,"{285: 1, 318: 1, 323: 1, 748: 1}"
1590,129218,1,{870: 1}
1591,233119,1,{1029: 1}
1592,731110,1,{503: 1}
1593,machinereadable,1,{587: 1}
1594,ones,1,{1208: 1}
1595,318119,1,{1032: 1}
1596,long,2,"{10: 1, 785: 1}"
1597,indicate,1,{1252: 1}
1598,written,2,"{100: 1, 998: 1}"
1599,various,1,{284: 1}
1600,604218,1,{918: 1}
1601,centralization,1,{553: 1}
1602,orally,1,{36: 1}
1603,96429,1,{441: 1}
1604,3rd,1,{570: 1}
1605,144519,2,"{453: 1, 454: 1}"
1606,91319,1,{437: 1}
1607,137124,1,{1284: 1}
1608,658115,1,{713: 1}
1609,m,1,{28: 1}
1610,classificationseries,1,{744: 1}
1611,collections,1,{45: 1}
1612,13513,1,{610: 1}
1613,modest,2,"{556: 1, 607: 1}"
1614,requests,1,{468: 1}
1615,findings,2,"{386: 1, 1243: 1}"
1616,400110,1,{496: 1}
1617,wolves,1,{1161: 1}
1618,single,1,{1346: 1}
1619,publications,5,"{279: 1, 284: 1, 287: 1, 588: 1, 850: 1}"
1620,takes,1,{34: 1}
1621,chapters,2,"{551: 1, 552: 1}"
1622,1370118,1,{984: 1}
1623,networks,1,{690: 1}
1624,building,1,{359: 1}
1625,access,6,"{377: 1, 384: 1, 457: 1, 462: 1, 469: 1, 473: 1}"
1626,1333115,1,{725: 1}
1627,education,6,"{208: 1, 218: 1, 1186: 1, 1192: 1, 1204: 1, 1218: 1}"
1628,tend,1,{1252: 1}
1629,proverbially,1,{1163: 1}
1630,address,1,{602: 1}
1631,817110,1,{506: 1}
1632,government,1,{859: 1}
1633,materials,10,"{349: 1, 358: 1, 464: 1, 468: 1, 539: 1, 547: 1, 581: 1, 584: 1, 643: 1, 821: 1}"
1634,1956,2,"{216: 1, 1010: 1}"
1635,exhaustive,1,{390: 1}
1636,complaints,1,{1250: 1}
1637,objectionable,1,{397: 1}
1638,held,3,"{381: 1, 580: 1, 590: 1}"
1639,international,1,{575: 1}
1640,concept,2,"{754: 1, 857: 1}"
1641,therefore,3,"{857: 1, 1346: 1, 1376: 1}"
1642,instructional,1,{823: 1}
1643,ways,5,"{48: 1, 139: 1, 351: 1, 578: 1, 1170: 1}"
1644,kindred,1,{545: 1}
1645,northeastern,1,{603: 1}
1646,1319115,1,{722: 1}
1647,was,4,"{216: 1, 390: 1, 650: 1, 1341: 1}"
1648,current,4,"{45: 1, 384: 1, 788: 1, 804: 1}"
1649,b,2,"{782: 1, 846: 1}"
1650,3212,1,{51: 1}
1651,1148122,1,{1230: 1}
1652,entire,1,{746: 1}
1653,shelf,3,"{387: 1, 392: 2}"
1654,rings,1,{1333: 1}
1655,g,2,"{993: 1, 1335: 1}"
1656,125715,1,{265: 1}
1657,595118,1,{916: 1}
1658,quantitative,2,"{1001: 1, 1374: 1}"
1659,assisting,1,{835: 1}
1660,947210,1,{521: 1}
1661,apprenticeship,1,{345: 1}
1662,frequent,1,{1252: 1}
1663,groups,1,{1333: 1}
1664,materials,10,"{349: 1, 358: 1, 464: 1, 468: 1, 539: 1, 547: 1, 581: 1, 584: 1, 643: 1, 821: 1}"
1665,course,2,"{277: 1, 1117: 1}"
1666,present,6,"{6: 1, 318: 1, 323: 1, 649: 1, 791: 1, 849: 1}"
1667,75324,1,{1278: 1}
1668,103119,1,{1026: 1}
1669,filing,1,{811: 1}
1670,w,26,"{5: 1, 29: 1, 93: 1, 134: 1, 207: 1, 275: 1, 317: 1, 343: 1, 380: 1, 460: 1, 542: 1, 573: 1, 600: 1, 638: 1, 687: 1, 735: 1, 784: 1, 848: 1, 994: 1, 1108: 1, 1154: 1, 1189: 1, 1239: 1, 1262: 1, 1328: 1, 1369: 1}"
1671,20724,1,{153: 1}
1672,past,3,"{290: 1, 809: 1, 820: 1}"
1673,1141125,1,{1360: 1}
1674,librarianship,10,"{15: 1, 291: 1, 779: 1, 787: 1, 790: 1, 794: 1, 801: 1, 1104: 1, 1109: 1, 1116: 1}"
1675,farber,1,{342: 1}
1676,assumed,1,{381: 1}
1677,majority,1,{1332: 1}
1678,countries,2,"{834: 1, 836: 1}"
1679,person,2,"{36: 1, 37: 1}"
1680,96814,1,{189: 1}
1681,insistence,1,{347: 1}
1682,opinion,1,{385: 1}
1683,1257110,1,{530: 1}
1684,12,1,{568: 1}
1685,even,2,"{47: 1, 808: 1}"
1686,ei,1,{342: 1}
1687,contemporary,1,{354: 1}
1688,journal,1,{477: 1}
1689,network,1,{692: 1}
1690,deals,2,"{740: 1, 1155: 1}"
1691,24514,1,{154: 1}
1692,admonition,1,{352: 1}
1693,industry,2,"{280: 1, 298: 1}"
1694,576118,1,{913: 1}
1695,voigt,1,{781: 1}
1696,reduction,1,{1159: 1}
1697,disciplinary,1,{357: 1}
1698,521119,1,{1047: 1}
1699,occupation,2,"{1200: 1, 1206: 1}"
1700,done,2,"{322: 1, 827: 1}"
1701,1363113,2,"{631: 1, 632: 1}"
1702,1230110,1,{529: 1}
1703,sensible,1,{1013: 1}
1704,method,1,{209: 1}
1705,453118,1,{885: 1}
1706,considerable,2,"{742: 1, 1117: 1}"
1707,objective,1,{138: 1}
1708,29619,1,{410: 1}
1709,cuadra,1,{1261: 1}
1710,essential,2,"{742: 1, 818: 1}"
1711,subject,2,"{479: 1, 1173: 1}"
1712,1399121,2,"{1182: 1, 1183: 1}"
1713,along,1,{96: 1}
1714,continually,1,{365: 1}
1715,253119,1,{1030: 1}
1716,acquisitions,3,"{543: 1, 545: 1, 550: 1}"
1717,first,6,"{7: 1, 12: 1, 216: 1, 649: 1, 797: 1, 1333: 1}"
1718,ritualizing,1,{1170: 1}
1719,essay,1,{90: 1}
1720,bibliographies,1,{653: 1}
1721,329219,1,{1035: 1}
1722,866118,1,{965: 1}
1723,comaromi,1,{4: 1}
1724,twentyfive,1,{1343: 1}
1725,working,1,{346: 1}
1726,637118,1,{930: 1}
1727,arbitrary,2,{1334: 2}
1728,592115,1,{711: 1}
1729,ammi,1,{1112: 1}
1730,massachusetts,1,{604: 1}
1731,colleagues,1,{46: 1}
1732,14,1,{633: 1}
1733,210124,1,{1286: 1}
1734,1960s,1,{135: 1}
1735,96415,1,{261: 1}
1736,accepted,2,"{641: 1, 1329: 1}"
1737,6,2,"{270: 1, 1270: 1}"
1738,xerox,1,{750: 1}
1739,716124,1,{1298: 1}
1740,book,12,"{318: 1, 546: 1, 552: 1, 639: 1, 641: 1, 650: 1, 805: 1, 1002: 1, 1011: 1, 1155: 1, 1172: 1, 1246: 1}"
1741,804119,1,{1069: 1}
1742,life,1,{10: 1}
1743,782124,1,{1300: 1}
1744,books,12,"{356: 1, 357: 1, 361: 2, 364: 1, 548: 1, 646: 1, 749: 1, 752: 1, 1243: 1, 1245: 1, 1251: 1}"
1745,78126,1,{1386: 1}
1746,describe,2,"{12: 1, 605: 1}"
1747,783113,1,{624: 1}
1748,1118125,1,{1355: 1}
1749,772114,1,{670: 1}
1750,growth,2,"{14: 1, 1116: 1}"
1751,828118,1,{964: 1}
1752,interpretation,1,{1013: 1}
1753,design,1,{471: 1}
1754,lack,1,{138: 1}
1755,852124,1,{1308: 1}
1756,914113,1,{628: 1}
1757,popular,1,{856: 1}
1758,125218,1,{868: 1}
1759,720113,1,{623: 1}
1760,95715,1,{256: 1}
1761,lattices,1,{1333: 1}
1762,777119,1,{1065: 1}
1763,121137,1,{333: 1}
1764,numbering,1,{606: 1}
1765,863216,1,{769: 1}
1766,courses,1,{219: 1}
1767,examples,4,"{285: 1, 318: 1, 323: 1, 748: 1}"
1768,105512,1,{80: 1}
1769,seminar,3,"{581: 1, 583: 1, 590: 1}"
1770,164118,1,{872: 1}
1771,1188115,1,{719: 1}
1772,literature,9,"{349: 1, 470: 1, 556: 1, 694: 1, 745: 1, 791: 1, 851: 1, 854: 1, 1380: 1}"
1773,science,2,"{43: 1, 1329: 1}"
1774,827110,1,{511: 1}
1775,multifarious,1,{997: 1}
1776,periodical,5,"{457: 1, 462: 1, 464: 1, 468: 1, 470: 1}"
1777,power,6,"{89: 1, 98: 2, 100: 3}"
1778,easier,1,{806: 1}
1779,aggressivity,1,{1156: 1}
1780,questions,1,{857: 1}
1781,395124,1,{1294: 1}
1782,preparation,4,"{281: 1, 292: 1, 1214: 1, 1216: 1}"
1783,3,2,"{87: 1, 1267: 1}"
1784,84214,1,{178: 1}
1785,dedicated,1,{801: 1}
1786,30219,1,{415: 1}
1787,librarians,9,"{294: 1, 301: 1, 319: 1, 347: 1, 795: 1, 1109: 1, 1186: 1, 1206: 1, 1208: 1}"
1788,uniform,1,{606: 1}
1789,committee,1,{140: 1}
1790,324119,1,{1034: 1}
1791,face,1,{320: 1}
1792,extended,1,{655: 1}
1793,modes,1,{1379: 1}
1794,libraries,23,"{26: 1, 31: 1, 33: 1, 44: 1, 137: 1, 140: 1, 325: 1, 377: 1, 576: 1, 577: 1, 579: 1, 584: 1, 792: 1, 798: 1, 822: 1, 831: 1, 859: 1, 1208: 1, 1215: 1, 1244: 1, 1259: 1, 1266: 1, 1267: 1}"
1795,acknowledges,1,{544: 1}
1796,385110,1,{494: 1}
1797,420226,1,{1394: 1}
1798,sentences,1,{296: 1}
1799,substitute,1,{360: 1}
1800,activities,2,"{301: 1, 1205: 1}"
1801,91514,1,{182: 1}
1802,1305110,1,{533: 1}
1803,1140125,1,{1359: 1}
1804,838116,1,{767: 1}
1805,1028114,1,{673: 1}
1806,production,1,{748: 1}
1807,because,1,{652: 1}
1808,this,2,"{294: 1, 582: 1}"
1809,essentially,2,"{646: 1, 1014: 1}"
1810,9619,1,{404: 1}
1811,appropriate,1,{1120: 1}
1812,unresolved,1,{388: 1}
1813,editions,2,"{2: 1, 8: 1}"
1814,simulation,1,{222: 1}
1815,105612,1,{81: 1}
1816,status,1,{804: 1}
1817,becomes,1,{1158: 1}
1818,395119,1,{1039: 1}
1819,bibliotheques,1,{574: 1}
1820,professionals,2,"{299: 1, 1211: 1}"
1821,1968,2,"{604: 1, 608: 1}"
1822,temerity,1,{604: 1}
1823,systems,7,"{130: 1, 811: 1, 830: 1, 856: 1, 1325: 1, 1346: 1, 1348: 1}"
1824,readers,3,"{653: 1, 753: 1, 1373: 1}"
1825,1451124,2,"{1321: 1, 1322: 1}"
1826,varied,1,{396: 1}
1827,633318,1,{927: 1}
1828,computerization,1,{810: 1}
1829,70514,1,{163: 1}
1830,1890,1,{387: 1}
1831,potential,2,"{795: 1, 830: 1}"
1832,612118,1,{920: 1}
1833,mathematicians,1,{999: 1}
1834,96819,1,{442: 1}
1835,provocative,1,{833: 1}
1836,behavior,1,{1170: 1}
1837,measurement,1,{1374: 1}
1838,methods,9,"{137: 1, 272: 1, 283: 1, 389: 1, 806: 1, 824: 1, 1005: 1, 1006: 1, 1009: 1}"
1839,develop,1,{461: 1}
1840,predation,1,{1157: 1}
1841,120319,1,{446: 1}
1842,scholarship,1,{350: 1}
1843,36815,1,{238: 1}
1844,1329115,1,{724: 1}
1845,450119,1,{1043: 1}
1846,loans,2,"{463: 1, 464: 1}"
1847,1380119,1,{1098: 1}
1848,card,1,{749: 1}
1849,discuss,1,{102: 1}
1850,140223,1,{125: 1}
1851,published,3,"{7: 1, 791: 1, 1336: 1}"
1852,slow,1,{829: 1}
1853,illustrate,1,{830: 1}
1854,past,3,"{290: 1, 809: 1, 820: 1}"
1855,tomorrow,1,{1270: 1}
1856,overwhelming,1,{1331: 1}
1857,spread,1,{217: 1}
1858,algebra,4,"{1329: 1, 1338: 1, 1341: 1, 1350: 1}"
1859,losing,1,{855: 1}
1860,interactive,1,{856: 1}
1861,524119,1,{1048: 1}
1862,315226,1,{1391: 1}
1863,22219,1,{408: 1}
1864,surveys,1,{791: 1}
1865,1386115,1,{726: 1}
1866,hold,2,"{581: 1, 1218: 1}"
1867,useful,4,"{653: 1, 1007: 1, 1121: 1, 1216: 1}"
1868,adequate,1,{815: 1}
1869,developing,1,{834: 1}
1870,76614,1,{166: 1}
1871,extensively,1,{288: 1}
1872,32313,1,{110: 1}
1873,year,1,{1269: 1}
1874,1961b,1,{855: 1}
1875,statistical,4,"{995: 1, 1008: 1, 1014: 1, 1377: 1}"
1876,electronic,1,{215: 1}
1877,architectural,2,"{314: 1, 319: 1}"
1878,thrustthe,1,{363: 1}
1879,libraries,23,"{26: 1, 31: 1, 33: 1, 44: 1, 137: 1, 140: 1, 325: 1, 377: 1, 576: 1, 577: 1, 579: 1, 584: 1, 792: 1, 798: 1, 822: 1, 831: 1, 859: 1, 1208: 1, 1215: 1, 1244: 1, 1259: 1, 1266: 1, 1267: 1}"
1880,instructions,2,"{283: 1, 285: 1}"
1881,industry,2,"{280: 1, 298: 1}"
1882,media,1,{823: 1}
1883,reappraisal,1,{1120: 1}
1884,preprofessional,1,{1217: 1}
1885,brown,1,{323: 1}
1886,130913,1,{124: 1}
1887,types,4,"{278: 1, 284: 1, 792: 1, 1004: 1}"
1888,norms,1,{1213: 1}
1889,475113,1,{621: 1}
1890,809118,1,{955: 1}
1891,selfrealization,1,{395: 1}
1892,acquiring,2,"{467: 1, 588: 1}"
1893,96229,1,{440: 1}
1894,36425,1,{236: 1}
1895,102115,1,{699: 1}
1896,classification,5,"{7: 1, 392: 1, 732: 1, 737: 1, 755: 1}"
1897,268111,1,{561: 1}
1898,losses,2,"{1246: 1, 1251: 1}"
1899,1017110,1,{523: 1}
1900,77419,1,{426: 1}
1901,66113,1,{612: 1}
1902,speak,1,{1346: 1}
1903,principal,1,{384: 1}
1904,142417,2,"{336: 1, 337: 1}"
1905,81819,1,{432: 1}
1906,years,7,"{210: 1, 815: 1, 820: 1, 860: 1, 1121: 1, 1335: 1, 1343: 1}"
1907,evident,1,{1160: 1}
1908,103115,1,{700: 1}
1909,activities,2,"{301: 1, 1205: 1}"
1910,442119,1,{1042: 1}
1911,not,1,{1217: 1}
1912,apparatus,2,"{1339: 1, 1348: 1}"
1913,definite,1,{1010: 1}
1914,exception,1,{828: 1}
1915,1291115,1,{721: 1}
1916,acquisitions,3,"{543: 1, 545: 1, 550: 1}"
1917,3219,1,{403: 1}
1918,establishment,2,"{135: 1, 1212: 1}"
1919,124719,1,{448: 1}
1920,eg,1,{1005: 1}
1921,melvil,1,{1112: 1}
1922,graduate,1,{276: 1}
1923,extend,1,{643: 1}
1924,21012,1,{63: 1}
1925,13712,1,{54: 1}
1926,153114,1,{660: 1}
1927,748124,1,{1299: 1}
1928,plan,1,{462: 1}
1929,39119,1,{1019: 1}
1930,comprises,1,{1004: 1}
1931,30019,1,{413: 1}
1932,common,1,{997: 1}
1933,characterized,1,{1115: 1}
1934,754118,1,{954: 1}
1935,151015,1,{697: 1}
1936,expert,1,{601: 1}
1937,243118,1,{877: 1}
1938,176126,1,{1389: 1}
1939,evaluations,1,{322: 1}
1940,47119,1,{1022: 1}
1941,96129,1,{439: 1}
1942,g,2,"{993: 1, 1335: 1}"
1943,inevitably,1,{96: 1}
1944,review,2,"{813: 1, 856: 1}"
1945,set,1,{574: 1}
1946,individuals,1,{693: 1}
1947,17617,2,"{839: 1, 840: 1}"
1948,collect,1,{354: 1}
1949,272114,1,{666: 1}
1950,952119,1,{1076: 1}
1951,library,47,"{32: 1, 35: 1, 37: 1, 47: 1, 130: 1, 139: 1, 142: 1, 203: 1, 276: 1, 313: 1, 320: 1, 340: 1, 353: 1, 355: 1, 363: 1, 470: 1, 474: 1, 539: 1, 547: 1, 635: 1, 640: 1, 642: 1, 643: 1, 644: 1, 647: 1, 651: 1, 732: 1, 736: 1, 737: 1, 751: 1, 821: 1, 825: 1, 826: 1, 834: 1, 836: 1, 1110: 1, 1111: 1, 1117: 1, 1122: 1, 1191: 1, 1192: 1, 1200: 1, 1202: 1, 1210: 1, 1236: 1, 1241: 1, 1250: 1}"
1952,11511,1,{558: 1}
1953,age,2,"{805: 1, 1104: 1}"
1954,explained,1,{747: 1}
1955,81629,1,{431: 1}
1956,j,1,{685: 1}
1957,fast,1,{802: 1}
1958,168121,1,{1177: 1}
1959,taking,1,{40: 1}
1960,shown,1,{1375: 1}
1961,survival,1,{1163: 1}
1962,stephen,1,{686: 1}
1963,children,1,{825: 1}
1964,dealt,1,{349: 1}
1965,1061120,1,{1145: 1}
1966,115112,1,{82: 1}
1967,80112,1,{76: 1}
1968,staff,3,"{344: 1, 355: 1, 1242: 1}"
1969,demography,1,{1006: 1}
1970,discussed,3,"{297: 1, 546: 1, 811: 1}"
1971,totally,1,{1156: 1}
1972,120314,1,{194: 1}
1973,designed,2,"{736: 1, 790: 1}"
1974,585120,1,{1134: 1}
1975,106118,1,{372: 1}
1976,langueparole,1,{1014: 1}
1977,promise,1,{382: 1}
1978,loan,3,"{466: 1, 468: 1, 586: 1}"
1979,college,7,"{320: 1, 363: 1, 377: 1, 635: 1, 640: 1, 642: 1, 651: 1}"
1980,812118,1,{957: 1}
1981,much,5,"{96: 1, 292: 1, 799: 1, 821: 1, 1201: 1}"
1982,defended,1,{815: 1}
1983,relations,3,"{691: 1, 1337: 1, 1348: 1}"
1984,95914,1,{184: 1}
1985,321219,1,{1033: 1}
1986,guidance,1,{398: 1}
1987,66124,1,{1276: 1}
1988,kinds,4,"{89: 1, 1216: 1, 1267: 1, 1332: 1}"
1989,dependable,1,{476: 1}
1990,resources,2,"{457: 1, 463: 1}"
1991,13719,1,{405: 1}
1992,continuing,1,{785: 1}
1993,applicability,1,{806: 1}
1994,necessity,1,{1157: 1}
1995,167110,1,{485: 1}
1996,using,3,"{689: 1, 999: 1, 1008: 1}"
1997,toward,1,{1269: 1}
1998,paper,2,"{1190: 1, 1336: 1}"
1999,854124,1,{1310: 1}
2000,751119,1,{1062: 1}
2001,573119,1,{1053: 1}
2002,development,8,"{221: 1, 279: 1, 344: 1, 683: 1, 688: 1, 834: 1, 1011: 1, 1117: 1}"
2003,responsible,1,{356: 1}
2004,association,7,"{1110: 1, 1122: 1, 1191: 1, 1196: 1, 1366: 1, 1378: 1, 1379: 1}"
2005,ellsworth,2,"{316: 1, 323: 1}"
2006,1048115,1,{716: 1}
2007,rapidly,3,"{217: 1, 786: 1, 822: 1}"
2008,826110,1,{510: 1}
2009,definitions,1,{396: 1}
2010,762120,1,{1139: 1}
2011,define,1,{1215: 1}
2012,dealing,2,"{1334: 1, 1347: 1}"
2013,1143318,1,{973: 1}
2014,fill,1,{790: 1}
2015,dynamic,1,{1111: 1}
2016,78812,1,{74: 1}
2017,1390610,2,"{535: 1, 536: 1}"
2018,guy,2,"{340: 1, 347: 1}"
2019,need,6,"{141: 1, 280: 1, 364: 1, 390: 1, 785: 1, 790: 1}"
2020,730418,1,{948: 1}
2021,cuddly,1,{607: 1}
2022,faced,1,{996: 1}
2023,1058210,1,{524: 1}
2024,640120,1,{1136: 1}
2025,canalized,1,{1169: 1}
2026,circulation,1,{641: 1}
2027,9015,1,{227: 1}
2028,reclassification,1,{742: 1}
2029,era,2,"{1113: 1, 1119: 1}"
2030,used,5,"{35: 1, 210: 1, 211: 1, 218: 1, 746: 1}"
2031,implementation,1,{857: 1}
2032,526118,1,{907: 1}
2033,81515,1,{247: 1}
2034,palmour,1,{459: 1}
2035,know,1,{301: 1}
2036,proven,1,{739: 1}
2037,decided,1,{581: 1}
2038,440118,1,{883: 1}
2039,dewey,4,"{2: 1, 6: 1, 11: 1, 1112: 1}"
2040,drive,1,{1169: 1}
2041,sdi,3,"{853: 1, 855: 1, 857: 1}"
2042,primarily,5,"{352: 1, 355: 1, 475: 1, 1167: 1, 1333: 1}"
2043,1299118,1,{977: 1}
2044,post1876,1,{1119: 1}
2045,algebraic,4,"{1325: 1, 1332: 1, 1346: 1, 1348: 1}"
2046,assembly,1,{580: 1}
2047,1085119,1,{1079: 1}
2048,with,2,"{360: 1, 1264: 1}"
2049,management,4,"{136: 1, 203: 1, 216: 1, 221: 1}"
2050,91818,1,{371: 1}
2051,fascinating,1,{1172: 1}
2052,80124,1,{1281: 1}
2053,april,1,{604: 1}
2054,reclassify,1,{752: 1}
2055,state,1,{1244: 1}
2056,taken,1,{1010: 1}
2057,gave,1,{1243: 1}
2058,61515,1,{243: 1}
2059,love,1,{349: 1}
2060,containing,1,{283: 1}
2061,causes,1,{220: 1}
2062,instruments,1,{385: 1}
2063,9,1,{375: 1}
2064,but,4,"{137: 1, 639: 1, 849: 1, 1340: 1}"
2065,user,2,"{389: 1, 605: 1}"
2066,governing,1,{1213: 1}
2067,2,2,"{24: 1, 1265: 1}"
2068,825110,1,{509: 1}
2069,242111,1,{560: 1}
2070,linguistics,2,"{1001: 1, 1008: 1}"
2071,education,6,"{208: 1, 218: 1, 1186: 1, 1192: 1, 1204: 1, 1218: 1}"
2072,computerprepared,1,{293: 1}
2073,biological,1,{1157: 1}
2074,centralized,2,"{550: 1, 754: 1}"
2075,ignore,1,{1118: 1}
2076,related,2,"{1345: 1, 1372: 1}"
2077,1278119,1,{1088: 1}
2078,upon,2,"{365: 1, 639: 1}"
2079,game,3,"{203: 1, 216: 1, 220: 1}"
2080,centre,1,{585: 1}
2081,121414,1,{195: 1}
2082,abstracts,4,"{278: 1, 284: 1, 293: 1, 296: 1}"
2083,final,2,"{131: 1, 1166: 1}"
2084,system,9,"{12: 1, 466: 1, 467: 1, 607: 1, 732: 1, 737: 1, 746: 1, 1331: 1, 1337: 1}"
2085,exercises,1,{285: 1}
2086,831110,1,{513: 1}
2087,influence,1,{1117: 1}
2088,involved,1,{215: 1}
2089,mechanized,1,{853: 1}
2090,risk,1,{1119: 1}
2091,exist,1,{851: 1}
2092,visualize,1,{795: 1}
2093,professional,7,"{208: 1, 219: 1, 384: 1, 652: 1, 1000: 1, 1202: 1, 1219: 1}"
2094,abstractors,2,"{294: 1, 303: 1}"
2095,gaps,1,{850: 1}
2096,84414,1,{180: 1}
2097,analyze,1,{295: 1}
2098,community,1,{470: 1}
2099,notably,1,{351: 1}
2100,1306110,1,{534: 1}
2101,also,6,"{47: 1, 141: 1, 652: 1, 1247: 1, 1251: 1, 1341: 1}"
2102,ai,1,{1327: 1}
2103,289116,1,{763: 1}
2104,longestablished,1,{137: 1}
2105,5,2,"{201: 1, 1269: 1}"
2106,it,1,{354: 1}
2107,1298118,1,{976: 1}
2108,description,1,{854: 1}
2109,center,2,"{478: 1, 823: 1}"
2110,106819,1,{445: 1}
2111,meant,1,{393: 1}
2112,942110,1,{520: 1}
2113,abstracting,6,"{272: 1, 276: 1, 279: 1, 284: 1, 298: 1, 1366: 1}"
2114,coverage,1,{479: 1}
2115,441119,1,{1041: 1}
2116,3214,1,{147: 1}
2117,reviews,4,"{361: 1, 786: 1, 804: 1, 820: 1}"
2118,procedures,3,"{738: 1, 741: 1, 817: 1}"
2119,founding,2,"{1110: 1, 1121: 1}"
2120,material,3,"{278: 1, 586: 1, 649: 1}"
2121,homologous,1,{1171: 1}
2122,recent,1,{213: 1}
2123,7612,1,{52: 1}
2124,slogan,1,{99: 1}
2125,regular,1,{47: 1}
2126,60122,1,{1222: 1}
2127,723218,1,{943: 1}
2128,can,1,{1349: 1}
2129,77512,1,{72: 1}
2130,engineers,1,{999: 1}
2131,greatly,1,{396: 1}
2132,24524,1,{1273: 1}
2133,736118,1,{953: 1}
2134,151,1,{17: 1}
2135,president,1,{362: 1}
2136,datagathering,1,{384: 1}
2137,frequently,2,"{640: 1, 746: 1}"
2138,603118,1,{917: 1}
2139,try,2,"{1011: 1, 1270: 1}"
2140,by,2,"{322: 1, 1172: 1}"
2141,means,2,"{588: 1, 1374: 1}"
2142,facts,1,{816: 1}
2143,x,26,"{16: 1, 49: 1, 104: 1, 143: 1, 224: 1, 304: 1, 326: 1, 366: 1, 400: 1, 482: 1, 557: 1, 592: 1, 609: 1, 656: 1, 696: 1, 758: 1, 838: 1, 861: 1, 1016: 1, 1123: 1, 1174: 1, 1220: 1, 1254: 1, 1271: 1, 1351: 1, 1381: 1}"
2144,aspects,2,"{142: 1, 291: 1}"
2145,20312,1,{61: 1}
2146,591118,1,{915: 1}
2147,merely,3,"{642: 1, 1218: 1, 1332: 1}"
2148,selecting,1,{741: 1}
2149,practice,2,"{553: 1, 789: 1}"
2150,largely,1,{388: 1}
2151,sophisticated,2,"{214: 1, 221: 1}"
2152,document,1,{1372: 1}
2153,eventually,1,{1196: 1}
2154,discusses,1,{1370: 1}
2155,700119,1,{1059: 1}
2156,36113,1,{112: 1}
2157,supplemented,1,{285: 1}
2158,guided,1,{1168: 1}
2159,algebras,2,"{1340: 1, 1344: 1}"
2160,nevertheless,1,{602: 1}
2161,allen,1,{685: 1}
2162,missing,2,"{1243: 1, 1245: 1}"
2163,welldeveloped,1,{216: 1}
2164,flow,2,"{683: 1, 749: 1}"
2165,1372118,1,{985: 1}
2166,technology,6,"{43: 1, 223: 1, 1263: 1, 1265: 1, 1267: 1, 1268: 1}"
2167,exploiting,1,{1370: 1}
2168,teaching,3,"{643: 1, 651: 1, 824: 1}"
2169,bibliographic,3,"{90: 1, 549: 1, 587: 1}"
2170,extracts,2,"{293: 1, 296: 1}"
2171,doyle,1,{1368: 1}
2172,generous,1,{589: 1}
2173,come,1,{832: 1}
2174,avoid,1,{324: 1}
2175,77412,1,{71: 1}
2176,4104,1,{144: 1}
2177,clarke,1,{572: 1}
2178,356115,1,{705: 1}
2179,doubt,1,{41: 1}
2180,parts,1,{1341: 1}
2181,concepts,7,"{272: 1, 282: 1, 382: 1, 390: 1, 552: 1, 832: 1, 1008: 1}"
2182,beyond,2,"{641: 1, 742: 1}"
2183,862119,1,{1073: 1}
2184,general,8,"{141: 1, 278: 1, 356: 1, 398: 1, 576: 1, 580: 1, 1005: 1, 1334: 1}"
2185,science,2,"{43: 1, 1329: 1}"
2186,today,2,"{218: 1, 1268: 1}"
2187,examined,2,"{547: 1, 689: 1}"
2188,560115,1,{709: 1}
2189,academic,5,"{136: 1, 142: 1, 313: 1, 340: 1, 463: 1}"
2190,1083124,1,{1317: 1}
2191,cataloging,2,"{755: 1, 804: 1}"
2192,97119,1,{1024: 1}
2193,judged,1,{752: 1}
2194,ad669204,1,{608: 1}
2195,bellesletters,1,{354: 1}
2196,transferred,2,"{36: 1, 39: 1}"
2197,13912,1,{55: 1}
2198,collection,3,"{359: 1, 478: 1, 586: 1}"
2199,stored,1,{302: 1}
2200,meeting,3,"{580: 1, 583: 1, 1115: 1}"
2201,6300,1,{30: 1}
2202,effective,3,"{302: 1, 739: 1, 1198: 1}"
2203,377119,1,{1037: 1}
2204,232110,1,{488: 1}
2205,man,1,{1170: 1}
2206,received,1,{289: 1}
2207,29719,1,{411: 1}
2208,kingdom,1,{31: 1}
2209,306110,1,{492: 1}
2210,76615,1,{245: 1}
2211,buildings,2,"{313: 1, 321: 1}"
2212,144514,2,"{199: 1, 200: 1}"
2213,suggested,1,{739: 1}
2214,fields,1,{210: 1}
2215,field,4,"{786: 1, 796: 1, 829: 1, 1116: 1}"
2216,standardization,1,{808: 1}
2217,1366218,1,{981: 1}
2218,engage,1,{1212: 1}
2219,here,1,{1270: 1}
2220,145110,1,{484: 1}
2221,3,2,"{87: 1, 1267: 1}"
2222,we,1,{288: 1}
2223,towards,3,"{589: 1, 606: 1, 1159: 1}"
2224,137114,1,{659: 1}
2225,63119,1,{423: 1}
2226,real,1,{212: 1}
2227,have,1,{213: 1}
2228,that,3,"{13: 1, 827: 1, 850: 1}"
2229,16314,1,{152: 1}
2230,law,1,{744: 1}
2231,tarski,1,{1336: 1}
2232,mankinds,1,{97: 1}
2233,449115,1,{707: 1}
2234,national,4,"{462: 1, 467: 1, 577: 1, 1111: 1}"
2235,worthwhile,1,{480: 1}
2236,ia,1,{1238: 1}
2237,control,7,"{90: 1, 94: 1, 95: 1, 98: 1, 99: 1, 102: 1, 103: 1}"
2238,778119,1,{1066: 1}
2239,suggestion,1,{1166: 1}
2240,restricted,1,{34: 1}
2241,96125,1,{259: 1}
2242,get,2,"{803: 1, 1270: 1}"
2243,founding,2,"{1110: 1, 1121: 1}"
2244,librarianship,10,"{15: 1, 291: 1, 779: 1, 787: 1, 790: 1, 794: 1, 801: 1, 1104: 1, 1109: 1, 1116: 1}"
2245,136112,1,{83: 1}
2246,highly,1,{135: 1}
2247,1338119,1,{1095: 1}
2248,495119,1,{1044: 1}
2249,280124,1,{1290: 1}
2250,complexity,1,{813: 1}
2251,close,1,{576: 1}
2252,introductions,1,{552: 1}
2253,anything,1,{1270: 1}
2254,defence,1,{1157: 1}
2255,1367218,1,{982: 1}
2256,admiration,1,{350: 1}
2257,26,1,{1364: 1}
2258,pattern,1,{32: 1}
2259,cornered,1,{1158: 1}
2260,527118,1,{908: 1}
2261,costs,3,"{815: 1, 817: 1, 819: 1}"
2262,1970,2,"{387: 1, 783: 1}"
2263,642118,1,{932: 1}
2264,eighteenth,1,{8: 1}
2265,223114,1,{662: 1}
2266,359119,1,{1036: 1}
2267,1199219,1,{1084: 1}
2268,879218,1,{969: 1}
2269,activity,1,{647: 1}
2270,selfeducation,1,{397: 1}
2271,supervision,1,{1204: 1}
2272,structure,4,"{689: 1, 691: 1, 1003: 1, 1008: 1}"
2273,familiar,1,{99: 1}
2274,viiia,1,{745: 1}
2275,changes,2,"{138: 1, 141: 1}"
2276,literature,9,"{349: 1, 470: 1, 556: 1, 694: 1, 745: 1, 791: 1, 851: 1, 854: 1, 1380: 1}"
2277,84314,1,{179: 1}
